gene,BF.cls1,BF.cls2,BF.total,qval,pval
SCN2A,57100000000.0,957000000.0,5.47e+19,0.0,1.98e-06
CHD8,45400000000.0,86.5,3930000000000.0,2.42e-12,1.98e-06
PTEN,365.0,114000000.0,41500000000.0,1.54e-10,1.98e-06
GRIN2B,170000.0,37100.0,6290000000.0,8.7e-10,1.98e-06
SHANK3,3960000.0,2.26,8960000.0,4.25e-07,1.98e-06
ADNP,170000.0,19.4,3300000.0,1.31e-06,1.98e-06
TSC2,151000.0,15.9,2400000.0,2.26e-06,1.98e-06
TCF20,154000.0,3.12,479000.0,6.93e-06,1.98e-06
ASXL3,148000.0,0.691,103000.0,2.67e-05,1.98e-06
POGZ,136000.0,0.696,94700.0,4.41e-05,1.98e-06
SHANK2,144000.0,0.64,92500.0,5.88e-05,1.98e-06
RAI1,148000.0,0.558,82700.0,7.3e-05,1.98e-06
TAOK1,301.0,114.0,34500.0,0.00011,1.98e-06
CHD2,283.0,98.9,28000.0,0.00015,1.98e-06
BRSK2,7720.0,2.73,21100.0,0.0002,1.98e-06
EP300,6110.0,3.12,19100.0,0.00025,1.98e-06
SRCAP,5910.0,2.91,17200.0,0.0003,1.98e-06
ASH1L,5350.0,3.02,16100.0,0.000349,1.98e-06
GABBR2,17.1,825.0,14100.0,0.000401,1.98e-06
SYNGAP1,5380.0,2.15,11600.0,0.000463,1.98e-06
DNMT3A,15.1,706.0,10700.0,0.000525,1.98e-06
CREBBP,14.0,562.0,7880.0,0.000611,1.98e-06
TCF12,7840.0,0.835,6550.0,0.00071,1.98e-06
SEMA3B,7300.0,0.759,5540.0,0.000823,1.98e-06
TSC1,7290.0,0.754,5500.0,0.000927,1.98e-06
KMT2C,11.1,458.0,5100.0,0.00103,1.98e-06
EHMT1,292.0,14.9,4350.0,0.00116,1.98e-06
FBN1,0.673,5000.0,3360.0,0.00132,1.98e-06
CACNA1B,0.679,3600.0,2440.0,0.00154,1.98e-06
TLK2,15.6,142.0,2210.0,0.00177,1.98e-06
DNAH1,0.591,3350.0,1980.0,0.00202,1.98e-06
KDM5B,13.6,114.0,1560.0,0.00233,1.98e-06
PUF60,380.0,3.5,1330.0,0.00269,1.98e-06
CTCF,352.0,3.71,1310.0,0.00303,1.98e-06
UNC13B,13.1,97.3,1270.0,0.00337,1.98e-06
PHIP,329.0,3.74,1230.0,0.00369,1.98e-06
PPP2R5D,343.0,3.5,1200.0,0.00401,1.98e-06
CSDE1,326.0,3.67,1200.0,0.00432,1.98e-06
NF1,12.5,92.9,1160.0,0.00462,1.98e-06
PHF3,326.0,3.48,1130.0,0.00492,3.97e-06
SETD5,314.0,3.57,1120.0,0.0052,3.97e-06
TNPO3,310.0,3.53,1100.0,0.00549,3.97e-06
TNRC6B,311.0,3.39,1050.0,0.00577,3.97e-06
NOTCH1,14.4,68.2,984.0,0.00607,3.97e-06
NSD2,302.0,3.01,907.0,0.00639,1.19e-05
CACNA1C,280.0,3.04,853.0,0.00673,1.19e-05
DYNC1H1,255.0,2.98,760.0,0.0071,1.19e-05
SETD2,262.0,2.89,757.0,0.00746,1.19e-05
NFAT5,0.811,839.0,680.0,0.00787,1.98e-05
ADAMTS9,245.0,2.74,672.0,0.00826,1.98e-05
BSN,12.5,53.2,664.0,0.00864,1.98e-05
KMT2D,9.84,43.3,426.0,0.0093,1.98e-05
FUBP3,18.2,21.9,398.0,0.00998,1.98e-05
TMEM179,400.0,0.883,353.0,0.0107,1.98e-05
NAA15,384.0,0.911,350.0,0.0115,1.98e-05
SATB2,17.7,19.4,343.0,0.0122,1.98e-05
CSNK2B,387.0,0.875,339.0,0.0129,1.98e-05
MARCHF11,380.0,0.877,333.0,0.0136,1.98e-05
NEB,0.578,564.0,326.0,0.0143,2.38e-05
TCTN1,360.0,0.868,313.0,0.0151,2.78e-05
NFIA,16.1,19.4,312.0,0.0158,2.78e-05
PHF21A,358.0,0.837,299.0,0.0165,3.57e-05
WAC,344.0,0.869,299.0,0.0171,3.57e-05
CSF3R,360.0,0.797,287.0,0.0179,3.97e-05
MIB1,325.0,0.853,277.0,0.0186,3.97e-05
UBR3,15.0,18.5,277.0,0.0193,3.97e-05
CTNNB1,329.0,0.834,274.0,0.0199,3.97e-05
ADAMTS3,14.9,18.4,274.0,0.0206,3.97e-05
DNAJC13,14.4,18.1,261.0,0.0213,3.97e-05
CACNA1A,0.651,386.0,251.0,0.022,4.36e-05
TANC2,309.0,0.796,246.0,0.0227,4.36e-05
PTPRQ,14.3,17.2,245.0,0.0234,4.36e-05
TLE3,329.0,0.694,228.0,0.0241,4.76e-05
DNAH7,13.3,17.1,227.0,0.0248,5.16e-05
DICER1,13.5,16.7,225.0,0.0255,5.16e-05
SORL1,297.0,0.744,221.0,0.0262,5.55e-05
ARID1B,315.0,0.678,214.0,0.027,5.95e-05
USP34,12.6,16.5,208.0,0.0277,5.95e-05
ROBO1,282.0,0.732,206.0,0.0284,5.95e-05
KIF21B,292.0,0.705,206.0,0.0291,5.95e-05
NOTCH3,0.673,282.0,190.0,0.0299,7.93e-05
MYH7,13.8,13.1,182.0,0.0307,8.33e-05
RYR2,12.0,14.0,167.0,0.0315,9.12e-05
COL17A1,11.2,12.7,143.0,0.0325,0.000107
RBM15B,0.919,151.0,139.0,0.0336,0.000111
ZNF735,0.968,142.0,137.0,0.0346,0.000111
ITGB1,0.93,133.0,123.0,0.0357,0.000111
ACTG1,0.928,129.0,119.0,0.0369,0.000111
ZNF521,0.878,136.0,119.0,0.038,0.000111
UGT2B10,0.867,135.0,117.0,0.0392,0.000111
ETV6,0.835,136.0,114.0,0.0403,0.000111
TLE4,0.833,132.0,110.0,0.0415,0.000115
RTF1,0.857,126.0,108.0,0.0426,0.000115
GRAMD1B,0.868,121.0,105.0,0.0438,0.000119
KCTD1,0.879,110.0,96.6,0.0451,0.000131
DEAF1,0.831,111.0,92.5,0.0464,0.000151
CDK13,0.789,115.0,90.8,0.0477,0.000151
LRP1,9.56,9.47,90.5,0.049,0.000151
CBL,0.742,115.0,85.3,0.0503,0.000167
CTNND2,0.789,107.0,84.8,0.0516,0.000167
HECW2,0.764,109.0,83.5,0.053,0.000167
SCN3A,0.723,114.0,82.4,0.0543,0.000167
ATP12A,0.809,100.0,81.3,0.0556,0.000171
ZNF236,0.797,101.0,80.2,0.0569,0.000171
FBLN1,0.795,97.2,77.2,0.0582,0.000186
PDCD2L,18.7,4.13,77.0,0.0596,0.000186
CDKN2AIP,18.7,4.03,75.3,0.0609,0.000194
ELAVL2,18.2,4.13,75.0,0.0622,0.000194
TBR1,18.5,4.0,73.9,0.0635,0.000206
ZNF281,18.5,4.0,73.8,0.0648,0.000206
MACROD1,18.6,3.95,73.6,0.066,0.000206
CHD7,0.689,106.0,72.8,0.0673,0.000206
SRSF1,17.9,4.04,72.4,0.0685,0.00021
NR4A2,18.1,3.94,71.3,0.0698,0.00021
S1PR2,19.0,3.75,71.1,0.071,0.000214
CACNA1D,0.705,101.0,70.9,0.0722,0.000214
QRICH1,17.6,3.97,69.7,0.0734,0.000222
COL25A1,17.6,3.94,69.3,0.0746,0.000222
EIF2A,17.4,3.98,69.1,0.0758,0.000222
CHN2,17.9,3.83,68.5,0.077,0.000226
INTS7,18.0,3.81,68.3,0.0782,0.000226
DGKE,17.1,3.95,67.8,0.0793,0.000238
SLC46A2,17.7,3.81,67.6,0.0805,0.000238
RO60,17.0,3.94,67.1,0.0816,0.000242
PGAM2,18.5,3.61,66.9,0.0827,0.000246
PAX5,18.0,3.68,66.3,0.0838,0.000254
SRSF11,17.3,3.83,66.2,0.0849,0.000254
ARRDC2,17.9,3.69,66.0,0.086,0.000254
TRIM46,17.7,3.69,65.3,0.0871,0.000266
DST,0.574,113.0,65.0,0.0881,0.000266
FBXL16,18.5,3.5,64.8,0.0892,0.00027
SEC24A,16.8,3.81,64.0,0.0903,0.000274
INSYN2A,18.3,3.48,63.5,0.0913,0.000278
PLXNB1,0.723,85.0,61.5,0.0924,0.000298
KALRN,0.693,88.3,61.2,0.0935,0.000301
ZBTB21,18.3,3.31,60.4,0.0945,0.000305
EML6,0.687,87.6,60.1,0.0956,0.000305
TNFRSF8,16.4,3.61,59.1,0.0967,0.000313
EFTUD2,16.6,3.56,59.0,0.0977,0.000313
U2SURP,16.1,3.65,58.7,0.0988,0.000313
PIGT,16.8,3.49,58.4,0.0998,0.000313
ZMYM2,15.5,3.75,58.3,0.101,0.000313
PIK3R4,16.7,3.47,58.1,0.102,0.000313
XPO4,15.5,3.74,58.1,0.103,0.000313
NOP56,15.8,3.6,57.1,0.104,0.000325
NLRP9,16.4,3.47,57.0,0.105,0.000325
ASXL2,16.9,3.37,56.8,0.106,0.000329
FAM120A,16.8,3.35,56.4,0.107,0.000341
CDH13,17.1,3.29,56.3,0.108,0.000345
STAT6,15.8,3.56,56.1,0.109,0.000349
STRIP1,15.9,3.48,55.3,0.11,0.000373
PSD3,16.5,3.27,54.0,0.111,0.000401
ORC1,15.1,3.51,52.9,0.112,0.000417
MED13,15.4,3.4,52.3,0.113,0.000424
NBEA,14.4,3.6,51.8,0.114,0.000432
CNOT3,15.5,3.28,50.7,0.115,0.000456
SMG7,14.8,3.43,50.7,0.116,0.000456
TCF7L2,15.6,3.23,50.2,0.117,0.000464
ZNF638,15.0,3.33,49.8,0.118,0.000476
MAPK8IP1,16.2,3.06,49.6,0.119,0.000492
RUSC2,15.2,3.19,48.3,0.12,0.000516
TRIP12,13.9,3.44,48.0,0.121,0.000524
HEATR5B,14.6,3.23,47.0,0.122,0.000536
ATXN1,17.6,2.64,46.5,0.123,0.000547
ADGRV1,0.629,73.9,46.5,0.124,0.000547
ERCC2,16.1,2.83,45.6,0.125,0.000563
TEP1,0.625,72.4,45.3,0.126,0.000563
DNAH11,0.582,77.2,44.9,0.127,0.000563
DNAH10,0.566,75.5,42.7,0.128,0.000623
UBR5,12.6,3.3,41.5,0.129,0.000631
LRP2,0.526,78.8,41.4,0.13,0.000631
ANK2,0.577,71.7,41.4,0.131,0.000631
CNOT1,13.5,3.06,41.3,0.132,0.000643
PTPRD,13.7,2.98,40.8,0.133,0.000658
HECW1,14.3,2.82,40.4,0.134,0.00067
CASZ1,15.5,2.56,39.9,0.136,0.000682
YLPM1,13.1,3.01,39.6,0.137,0.000694
MYH14,0.591,63.9,37.8,0.138,0.000738
C3,0.621,60.8,37.8,0.139,0.000738
MYH10,12.9,2.9,37.5,0.14,0.000742
CSPG4,0.711,52.5,37.3,0.141,0.000742
COL12A1,12.1,3.03,36.5,0.142,0.00077
PCNX1,12.1,2.89,35.1,0.143,0.000781
HERC1,11.4,2.95,33.8,0.144,0.000789
SCAF1,15.2,2.21,33.6,0.146,0.000789
SYNE2,0.571,58.2,33.2,0.147,0.000789
KMT2A,11.4,2.75,31.4,0.148,0.000817
USH2A,11.5,2.59,29.8,0.149,0.000853
ACAN,14.5,2.01,29.2,0.151,0.000873
PTPRS,13.2,2.2,29.1,0.152,0.000877
STARD9,10.9,2.59,28.3,0.153,0.000889
AHDC1,15.3,1.82,27.9,0.155,0.000893
MDN1,10.5,2.39,25.2,0.156,0.00094
NEUROD2,0.985,24.4,24.1,0.157,0.00094
AMER3,0.996,23.9,23.8,0.159,0.000944
KCNK12,0.976,23.8,23.2,0.16,0.000956
HECTD2,0.967,23.9,23.1,0.162,0.00096
C2orf72,0.978,23.6,23.1,0.163,0.00096
CXCL12,0.955,24.0,22.9,0.165,0.00096
ZNF605,0.979,23.2,22.7,0.166,0.000964
B3GNT4,0.992,22.5,22.3,0.168,0.000968
IL6,0.963,23.2,22.3,0.169,0.000968
CCDC71L,0.986,22.1,21.8,0.171,0.000988
ARF1,0.964,22.6,21.8,0.172,0.000988
LGALS13,0.927,23.4,21.7,0.173,0.000992
BMI1,0.92,23.4,21.6,0.175,0.000996
OR2M4,0.95,22.7,21.5,0.176,0.001
ZNF264,0.974,22.1,21.5,0.178,0.001
MEX3D,0.989,21.5,21.2,0.179,0.00101
ARF3,0.922,22.8,21.0,0.181,0.00102
GSG1,0.927,22.6,20.9,0.182,0.00102
ZBTB25,0.905,23.0,20.9,0.183,0.00102
DBF4,0.885,23.6,20.8,0.185,0.00102
KDM6B,11.8,1.76,20.8,0.186,0.00103
TBL1XR1,0.905,22.9,20.7,0.187,0.00103
RPL7A,0.906,22.7,20.6,0.189,0.00104
PRCP,0.917,22.4,20.6,0.19,0.00104
TNIP3,0.911,22.5,20.5,0.191,0.00104
LTA4H,0.9,22.7,20.4,0.193,0.00105
ZNF174,0.907,22.4,20.4,0.194,0.00105
ABHD17C,0.931,21.7,20.2,0.195,0.00106
DOC2B,0.949,21.3,20.2,0.197,0.00106
MOGAT2,0.924,21.8,20.2,0.198,0.00106
YIF1B,0.917,21.8,20.0,0.199,0.00106
NABP2,0.909,21.7,19.8,0.201,0.00107
LRRC14,0.914,21.5,19.7,0.202,0.00108
AMD1,0.923,21.1,19.5,0.203,0.00109
ABHD2,0.911,21.3,19.4,0.204,0.0011
EIF3F,0.923,21.0,19.4,0.206,0.0011
PCYOX1,0.909,21.3,19.4,0.207,0.0011
LDB2,0.903,21.4,19.3,0.208,0.00111
GABRA1,0.917,21.0,19.3,0.209,0.00111
SCARA3,0.906,21.2,19.2,0.211,0.00112
FAM72A,19.7,0.973,19.1,0.212,0.00113
GTPBP8,19.6,0.967,19.0,0.213,0.00114
RABGAP1L,0.833,22.7,18.9,0.214,0.00115
DPAGT1,0.902,20.8,18.8,0.216,0.00116
ATOH1,19.6,0.957,18.8,0.217,0.00116
NUP107,0.875,21.4,18.8,0.218,0.00117
MAFB,19.6,0.955,18.7,0.219,0.00117
PEX13,0.908,20.5,18.6,0.22,0.00117
SOX11,19.7,0.942,18.6,0.222,0.00118
ATMIN,0.939,19.8,18.6,0.223,0.00119
TEKT1,0.898,20.7,18.6,0.224,0.00119
AMER2,19.7,0.93,18.3,0.225,0.00124
RDH8,0.933,19.4,18.1,0.226,0.00125
RHOV,19.2,0.941,18.1,0.227,0.00125
BMP7,0.896,20.2,18.1,0.229,0.00125
OVCA2,19.4,0.934,18.1,0.23,0.00126
KLF7,0.916,19.7,18.1,0.231,0.00126
MACC1,0.885,20.4,18.0,0.232,0.00126
GCAT,0.91,19.8,18.0,0.233,0.00127
IFITM1,19.7,0.914,18.0,0.234,0.00127
DBR1,0.881,20.4,18.0,0.235,0.00128
ZNF337,19.4,0.924,17.9,0.236,0.00128
ZNF366,0.903,19.9,17.9,0.237,0.00128
INTS6,0.872,20.5,17.8,0.239,0.00129
TAX1BP1,0.858,20.8,17.8,0.24,0.00129
SSBP2,18.9,0.939,17.7,0.241,0.0013
LY6E,19.1,0.929,17.7,0.242,0.0013
SLCO5A1,0.879,20.1,17.7,0.243,0.00131
FDFT1,0.888,19.9,17.7,0.244,0.00134
ARHGAP35,0.865,20.3,17.6,0.245,0.00136
SDC2,19.2,0.917,17.6,0.246,0.00137
TTC14,0.881,20.0,17.6,0.247,0.00137
METTL26,19.2,0.917,17.6,0.248,0.00137
BACE2,0.904,19.4,17.6,0.249,0.00138
RNF187,19.3,0.91,17.6,0.25,0.00138
ZNF446,0.918,19.1,17.5,0.251,0.00139
NUS1,19.3,0.909,17.5,0.252,0.00139
FIGLA,19.3,0.905,17.5,0.253,0.0014
WARS1,0.897,19.5,17.5,0.254,0.0014
PPP2R1A,0.873,19.9,17.4,0.255,0.0014
GIPC3,0.935,18.6,17.4,0.256,0.00141
SLC18A3,19.3,0.901,17.4,0.257,0.00141
NR2C2AP,19.0,0.911,17.3,0.258,0.00142
EFCAB2,18.7,0.925,17.3,0.259,0.00142
SPICE1,0.847,20.4,17.3,0.26,0.00142
NKIRAS1,18.9,0.913,17.3,0.261,0.00142
ARL1,18.5,0.936,17.3,0.262,0.00143
STAG1,0.826,20.9,17.3,0.263,0.00143
ZNF516,0.903,19.0,17.2,0.264,0.00144
ZNF567,0.877,19.6,17.2,0.264,0.00144
RCHY1,18.6,0.924,17.2,0.265,0.00144
GSTA2,18.9,0.904,17.1,0.266,0.00145
TRAIP,0.846,20.2,17.1,0.267,0.00146
FAS,18.8,0.908,17.1,0.268,0.00147
PCGF6,18.5,0.92,17.1,0.269,0.00148
NDUFV2,18.4,0.923,17.0,0.27,0.0015
KPNA3,18.8,0.907,17.0,0.271,0.0015
OR9K2,19.5,0.874,17.0,0.272,0.0015
RPL35,18.6,0.913,17.0,0.273,0.0015
TRIM25,0.864,19.7,17.0,0.273,0.0015
TPPP3,19.3,0.881,17.0,0.274,0.0015
DUSP14,18.6,0.913,17.0,0.275,0.0015
MSX2,18.9,0.897,16.9,0.276,0.00151
MPHOSPH8,0.835,20.2,16.9,0.277,0.00151
VAMP3,18.3,0.922,16.9,0.278,0.00152
CCDC34,18.7,0.899,16.9,0.279,0.00152
RPL24,17.9,0.939,16.8,0.279,0.00154
TLCD4,18.9,0.889,16.8,0.28,0.00154
RINT1,0.806,20.9,16.8,0.281,0.00154
UQCRFS1,19.0,0.882,16.8,0.282,0.00156
LPGAT1,18.0,0.93,16.8,0.283,0.00156
CDK19,18.9,0.887,16.7,0.283,0.00157
CARD8,0.888,18.9,16.7,0.284,0.00157
FEZ2,18.6,0.897,16.7,0.285,0.00157
RBCK1,0.854,19.5,16.7,0.286,0.0016
MYOZ2,18.5,0.901,16.6,0.287,0.00162
CSNK1D,0.853,19.4,16.5,0.288,0.00168
CEP68,0.911,18.1,16.5,0.288,0.00169
WASHC4,0.809,20.3,16.5,0.289,0.00171
AOPEP,0.852,19.3,16.4,0.29,0.00173
SLC6A1,0.909,18.1,16.4,0.291,0.00174
LDLRAD2,18.9,0.871,16.4,0.291,0.00174
SMG8,0.805,20.4,16.4,0.292,0.00174
FANCL,18.4,0.891,16.4,0.293,0.00175
SETD7,18.8,0.871,16.4,0.294,0.00177
TDRD12,18.1,0.901,16.3,0.295,0.0018
NR2F6,19.0,0.855,16.2,0.295,0.00183
TCF4,0.867,18.7,16.2,0.296,0.00184
GAL3ST1,18.4,0.882,16.2,0.297,0.00185
MSL2,18.2,0.891,16.2,0.298,0.0019
ZC2HC1A,17.8,0.909,16.2,0.298,0.00191
NDUFS3,18.5,0.87,16.1,0.299,0.00194
MIDN,0.899,17.9,16.1,0.3,0.002
TRIM28,0.841,19.1,16.0,0.301,0.002
HNRNPK,18.4,0.873,16.0,0.301,0.00201
ETFB,18.6,0.862,16.0,0.302,0.00202
PRKAR1B,0.894,17.9,16.0,0.303,0.00202
CDK15,18.1,0.885,16.0,0.303,0.00202
GORASP2,18.1,0.884,16.0,0.304,0.00202
NXPE3,18.1,0.886,16.0,0.305,0.00202
TSSK4,18.1,0.886,16.0,0.306,0.00203
NAP1L1,18.0,0.888,16.0,0.306,0.00208
FAP,17.8,0.895,15.9,0.307,0.00212
PHC2,0.888,17.9,15.9,0.308,0.00212
MEX3C,18.1,0.88,15.9,0.308,0.00213
STRAP,17.9,0.886,15.9,0.309,0.00213
GBE1,17.9,0.885,15.8,0.31,0.00216
ASIC5,18.3,0.866,15.8,0.311,0.00217
LMNTD1,18.1,0.874,15.8,0.311,0.00219
MFSD14A,17.8,0.889,15.8,0.312,0.00219
GOLGA5,17.6,0.898,15.8,0.313,0.00221
FADS3,0.875,18.0,15.8,0.313,0.00222
NNT,0.79,19.9,15.7,0.314,0.00223
KCNV2,0.928,17.0,15.7,0.315,0.00223
ZNF865,19.9,0.79,15.7,0.315,0.00227
MUC12,0.69,22.7,15.7,0.316,0.00229
PCYT1A,17.7,0.883,15.7,0.317,0.00229
CCDC27,0.83,18.9,15.7,0.317,0.00229
LHX2,18.4,0.845,15.6,0.318,0.00236
PDLIM5,18.2,0.854,15.6,0.319,0.00236
IPO11,17.0,0.912,15.5,0.319,0.00238
UBA6,17.5,0.886,15.5,0.32,0.00239
EBI3,18.5,0.838,15.5,0.321,0.00239
VASN,0.965,16.1,15.5,0.321,0.00242
NAXD,18.6,0.831,15.5,0.322,0.00242
COG7,0.839,18.4,15.4,0.322,0.00248
KATNAL2,17.7,0.869,15.4,0.323,0.00248
GPHN,17.9,0.859,15.4,0.324,0.0025
NOP53,0.884,17.4,15.4,0.324,0.0025
NDE1,18.2,0.844,15.4,0.325,0.0025
LPXN,18.0,0.852,15.4,0.326,0.00251
MTUS2,0.869,17.7,15.4,0.326,0.00251
KCNQ5,0.812,18.9,15.3,0.327,0.00253
TTC26,17.3,0.884,15.3,0.327,0.00256
LRRC4,18.3,0.837,15.3,0.328,0.00257
BEND3,0.905,16.9,15.3,0.329,0.00257
LANCL1,17.7,0.86,15.2,0.329,0.00264
FBXO30,0.823,18.5,15.2,0.33,0.00265
ILF2,17.5,0.866,15.2,0.331,0.00265
MYNN,17.6,0.86,15.2,0.331,0.00265
KCNN4,17.7,0.854,15.1,0.332,0.00266
CCDC42,17.9,0.845,15.1,0.332,0.00266
RBM12,18.5,0.818,15.1,0.333,0.00267
EBF3,0.839,18.0,15.1,0.334,0.00267
GRK7,18.2,0.832,15.1,0.334,0.00269
CLCA1,0.832,18.1,15.1,0.335,0.0027
DUS1L,0.827,18.2,15.0,0.335,0.00275
ACSM6,18.1,0.831,15.0,0.336,0.00276
SPATA6,16.9,0.888,15.0,0.336,0.00276
TMEM237,17.2,0.873,15.0,0.337,0.00277
SCNM1,16.6,0.903,15.0,0.338,0.00279
KIF9,0.864,17.4,15.0,0.338,0.00279
FAM98B,18.1,0.828,15.0,0.339,0.00279
KCNQ3,0.828,18.1,15.0,0.339,0.0028
NPRL3,18.2,0.824,15.0,0.34,0.00281
PLEKHO1,17.7,0.846,15.0,0.34,0.00283
NCCRP1,18.0,0.832,14.9,0.341,0.00283
INTS10,17.7,0.842,14.9,0.342,0.00284
TP53I13,17.8,0.838,14.9,0.342,0.00288
HPX,17.4,0.855,14.9,0.343,0.00289
PCDHGA6,18.2,0.815,14.9,0.343,0.0029
SMC3,0.771,19.2,14.8,0.344,0.00294
NPLOC4,17.8,0.83,14.8,0.344,0.00297
FAM20C,0.916,16.1,14.8,0.345,0.00297
RP1,0.946,15.6,14.8,0.345,0.00298
PDCD6IP,17.5,0.842,14.8,0.346,0.00299
HNRNPL,17.9,0.824,14.8,0.347,0.00299
PSMD6,17.5,0.843,14.8,0.347,0.00299
PLD1,17.5,0.843,14.8,0.348,0.00299
APBB1,17.4,0.849,14.8,0.348,0.003
LARP7,16.9,0.871,14.7,0.349,0.00303
PCDHB9,0.999,14.7,14.7,0.349,0.00306
OR5A1,17.7,0.829,14.7,0.35,0.00308
DISC1,0.828,17.7,14.7,0.35,0.00313
HELLS,16.5,0.886,14.6,0.351,0.00313
NKD2,17.9,0.819,14.6,0.351,0.00313
KLHL32,17.5,0.834,14.6,0.352,0.00315
TTBK2,0.783,18.7,14.6,0.352,0.00317
SCNN1D,0.838,17.3,14.5,0.353,0.00324
RIC1,0.761,19.1,14.5,0.353,0.00324
PCBP4,17.6,0.827,14.5,0.354,0.00326
EEF1G,17.2,0.842,14.5,0.354,0.00331
PPP4R4,16.8,0.864,14.5,0.355,0.00332
SMAP2,16.8,0.861,14.5,0.355,0.00332
TBXT,18.0,0.806,14.5,0.356,0.00333
CPN1,18.1,0.798,14.4,0.356,0.00338
ADRM1,18.3,0.787,14.4,0.357,0.0034
CTNNA3,17.1,0.845,14.4,0.357,0.0034
EFR3B,0.835,17.3,14.4,0.358,0.0034
NCKAP1,16.6,0.865,14.3,0.358,0.00351
ACBD5,17.5,0.82,14.3,0.359,0.00354
SYNCRIP,17.1,0.84,14.3,0.359,0.00355
SNX29,0.85,16.8,14.3,0.36,0.00357
NPAS1,18.4,0.776,14.3,0.36,0.00358
SLC35F3,17.6,0.813,14.3,0.361,0.0036
INTS4,17.0,0.836,14.3,0.361,0.0036
ERF,17.9,0.795,14.2,0.362,0.00363
PHACTR1,17.1,0.832,14.2,0.362,0.00366
PDE1C,17.1,0.83,14.2,0.363,0.00367
MYB,16.4,0.866,14.2,0.363,0.00368
TTC31,17.1,0.828,14.2,0.364,0.00369
BBS2,0.781,18.2,14.2,0.364,0.00369
PNLIPRP1,17.0,0.833,14.2,0.365,0.0037
SPTY2D1,16.4,0.862,14.2,0.365,0.00372
PPP3CA,17.3,0.82,14.2,0.366,0.00372
WEE1,16.6,0.851,14.1,0.366,0.00374
NCAPG,16.7,0.843,14.1,0.367,0.00378
UBC,18.9,0.746,14.1,0.367,0.0038
SMARCAL1,17.2,0.817,14.1,0.368,0.0038
ICE2,16.9,0.835,14.1,0.368,0.00381
RPN1,17.7,0.797,14.1,0.369,0.00381
GFRA2,17.9,0.785,14.1,0.369,0.00381
STXBP1,16.9,0.832,14.1,0.37,0.00382
KBTBD2,17.0,0.829,14.1,0.37,0.00384
KHNYN,0.81,17.3,14.0,0.37,0.00386
USP33,16.5,0.848,14.0,0.371,0.00392
ARGLU1,16.0,0.876,14.0,0.371,0.00393
SRC,17.3,0.809,14.0,0.372,0.00395
FANK1,16.7,0.834,14.0,0.372,0.004
AVIL,0.749,18.6,13.9,0.373,0.0041
NF2,17.0,0.818,13.9,0.373,0.00411
TCOF1,0.82,16.9,13.9,0.374,0.00412
ZNF526,17.4,0.797,13.9,0.374,0.00412
MSH6,0.776,17.9,13.9,0.375,0.00413
LRCH4,0.82,16.9,13.8,0.375,0.00416
MPDZ,0.74,18.7,13.8,0.375,0.00417
TASOR,0.768,18.0,13.8,0.376,0.00419
DZIP3,16.9,0.81,13.7,0.376,0.00429
KCNB1,16.7,0.817,13.7,0.377,0.00434
KIAA0232,16.5,0.83,13.7,0.377,0.00435
SLC6A9,17.5,0.779,13.6,0.378,0.00436
ETV4,16.7,0.818,13.6,0.378,0.00438
NPEPPS,16.7,0.817,13.6,0.379,0.00441
FAH,16.9,0.807,13.6,0.379,0.00441
CEP295,0.749,18.2,13.6,0.379,0.00441
AGGF1,16.2,0.836,13.5,0.38,0.00444
PABPC4,17.3,0.783,13.5,0.38,0.00444
SOX5,16.8,0.804,13.5,0.381,0.00446
ABCA5,16.2,0.837,13.5,0.381,0.00446
PCDHA1,17.6,0.77,13.5,0.382,0.00447
TACC1,16.5,0.818,13.5,0.382,0.00449
HTRA1,16.9,0.8,13.5,0.382,0.00449
POU2F2,18.0,0.751,13.5,0.383,0.00453
ZNF362,17.6,0.768,13.5,0.383,0.00454
FOXP1,0.789,17.1,13.5,0.384,0.00455
MTMR10,16.6,0.808,13.5,0.384,0.00457
PLCD4,16.5,0.812,13.4,0.385,0.00457
SLC22A14,17.3,0.778,13.4,0.385,0.00457
GRIA1,0.852,15.8,13.4,0.385,0.00459
ZNF644,0.742,18.1,13.4,0.386,0.00459
NFIB,16.1,0.833,13.4,0.386,0.00459
SOX6,16.9,0.795,13.4,0.387,0.00462
ZMYND8,0.791,16.9,13.4,0.387,0.00462
TRPC1,15.8,0.847,13.4,0.387,0.00465
SSRP1,16.9,0.792,13.4,0.388,0.00467
ARHGAP22,0.862,15.5,13.3,0.388,0.00469
NFKBIL1,16.7,0.801,13.3,0.389,0.00469
E2F8,0.742,18.0,13.3,0.389,0.0047
OSBPL8,16.2,0.823,13.3,0.389,0.00472
ZC3H14,15.9,0.836,13.3,0.39,0.00475
BCAT2,16.7,0.799,13.3,0.39,0.00476
PSD2,16.7,0.798,13.3,0.391,0.00477
TRAF3IP1,16.6,0.8,13.3,0.391,0.00478
GABBR1,0.781,17.0,13.3,0.391,0.00478
DARS2,16.0,0.83,13.2,0.392,0.00481
IQGAP2,16.5,0.801,13.2,0.392,0.00484
USP24,0.729,18.1,13.2,0.393,0.00492
EMSY,16.3,0.807,13.1,0.393,0.00494
BRD1,0.813,16.1,13.1,0.393,0.00496
ASH2L,16.2,0.811,13.1,0.394,0.00498
STIM1,17.3,0.757,13.1,0.394,0.00502
MELTF,0.817,16.0,13.1,0.395,0.00504
SECISBP2L,15.5,0.845,13.1,0.395,0.00505
KDM4A,0.746,17.5,13.1,0.395,0.00506
GGA3,16.9,0.771,13.0,0.396,0.00509
TXNRD2,16.6,0.785,13.0,0.396,0.00511
POTEE,17.4,0.749,13.0,0.397,0.00511
FAM171A1,17.1,0.758,13.0,0.397,0.00516
DDX42,15.9,0.814,13.0,0.397,0.00518
MYBPHL,16.9,0.764,12.9,0.398,0.0052
RFX3,16.2,0.799,12.9,0.398,0.00521
WDR36,15.8,0.819,12.9,0.398,0.00524
KMT5B,15.5,0.83,12.9,0.399,0.00526
DMPK,0.854,15.1,12.9,0.399,0.00529
PACSIN2,16.2,0.792,12.8,0.4,0.00534
PPFIA3,0.782,16.4,12.8,0.4,0.00536
USP54,0.733,17.5,12.8,0.4,0.00536
ARHGEF16,0.824,15.5,12.8,0.401,0.0054
PRODH2,16.2,0.786,12.8,0.401,0.00543
PRDM10,0.731,17.5,12.8,0.402,0.00546
ROCK1,15.2,0.837,12.7,0.402,0.00548
ZMYND11,15.8,0.805,12.7,0.402,0.00548
ZNF106,0.697,18.3,12.7,0.403,0.00553
NAA25,15.3,0.831,12.7,0.403,0.00553
DHX15,15.5,0.82,12.7,0.403,0.00557
COL26A1,16.1,0.784,12.6,0.404,0.00562
KIRREL1,0.765,16.5,12.6,0.404,0.00562
MX1,16.7,0.756,12.6,0.404,0.00564
GRB7,16.4,0.768,12.6,0.405,0.0057
GREB1L,0.766,16.4,12.6,0.405,0.00572
SYT3,17.3,0.726,12.6,0.406,0.00576
PPFIA2,15.1,0.832,12.5,0.406,0.00577
RSF1,0.725,17.3,12.5,0.406,0.00577
DYRK1A,16.1,0.779,12.5,0.407,0.0058
PIK3CG,17.0,0.733,12.5,0.407,0.00584
PC,0.775,16.1,12.5,0.407,0.00588
ENC1,17.1,0.73,12.4,0.408,0.0059
VLDLR,15.3,0.811,12.4,0.408,0.00593
ROS1,15.3,0.811,12.4,0.409,0.00597
CDH17,16.3,0.761,12.4,0.409,0.00597
DLGAP4,16.8,0.739,12.4,0.409,0.00598
BCL9,15.9,0.778,12.4,0.41,0.00603
DCBLD1,16.1,0.767,12.3,0.41,0.00605
TOGARAM1,15.1,0.818,12.3,0.41,0.00605
CC2D1B,16.0,0.77,12.3,0.411,0.00609
PHLDB1,0.798,15.4,12.3,0.411,0.00616
ZNF217,16.4,0.747,12.3,0.411,0.00616
PXK,15.8,0.778,12.3,0.412,0.00618
C10orf71,0.997,12.3,12.3,0.412,0.00618
SLCO4A1,16.6,0.74,12.2,0.412,0.0062
GOLGA2,16.9,0.722,12.2,0.413,0.00623
BCR,16.6,0.737,12.2,0.413,0.00625
ANKRD30B,16.0,0.764,12.2,0.414,0.00628
HCN2,18.2,0.671,12.2,0.414,0.00628
UBASH3B,16.2,0.751,12.2,0.414,0.0063
RLF,15.7,0.774,12.2,0.415,0.0063
AP4M1,15.7,0.776,12.2,0.415,0.00634
GGNBP2,15.3,0.796,12.2,0.415,0.00636
ARID4A,14.9,0.818,12.2,0.416,0.00637
NISCH,0.828,14.6,12.1,0.416,0.00641
FBRSL1,17.0,0.71,12.1,0.416,0.00644
SCAF4,15.9,0.76,12.1,0.417,0.00645
MAN2A2,0.77,15.7,12.1,0.417,0.00648
CAMSAP1,0.74,16.3,12.1,0.417,0.00649
PPARGC1B,16.1,0.749,12.0,0.418,0.00651
GTF3C1,0.737,16.3,12.0,0.418,0.00653
DNM1,0.78,15.4,12.0,0.418,0.00656
ZNF827,16.2,0.742,12.0,0.419,0.00656
ERN2,16.0,0.745,11.9,0.419,0.0067
MOV10,0.74,16.0,11.8,0.419,0.00679
PTCH1,0.761,15.5,11.8,0.42,0.00679
WDFY3,0.672,17.6,11.8,0.42,0.0068
FBXO38,14.9,0.791,11.8,0.42,0.00683
NALCN,0.691,17.0,11.7,0.421,0.00685
CDH4,0.809,14.5,11.7,0.421,0.00686
MAP3K21,16.0,0.73,11.7,0.421,0.00687
PNPLA7,0.752,15.5,11.7,0.422,0.00695
MCM7,0.758,15.3,11.6,0.422,0.00698
HDGFL2,16.6,0.699,11.6,0.422,0.00701
MFRP,15.9,0.731,11.6,0.423,0.00701
HNRNPUL2,15.4,0.751,11.6,0.423,0.00702
KMT2E,15.9,0.73,11.6,0.423,0.0071
SYNJ2,0.778,14.9,11.6,0.424,0.00712
MYO1A,14.6,0.788,11.5,0.424,0.00712
ECPAS,14.4,0.8,11.5,0.425,0.00716
NAPRT,15.7,0.731,11.5,0.425,0.0072
CYP2D6,16.8,0.683,11.4,0.425,0.00727
SPG11,0.703,16.3,11.4,0.426,0.00727
ATP13A1,0.763,15.0,11.4,0.426,0.00729
SORCS1,14.7,0.774,11.4,0.426,0.00735
SPTBN1,0.716,15.8,11.3,0.427,0.00741
P2RX7,16.1,0.702,11.3,0.427,0.00741
POLG,0.752,15.1,11.3,0.427,0.00741
MAST1,0.777,14.5,11.3,0.428,0.00748
LONP1,16.2,0.697,11.3,0.428,0.00753
SCN8A,0.708,15.9,11.3,0.428,0.00754
MYO19,14.8,0.762,11.3,0.429,0.00755
FAN1,15.3,0.736,11.2,0.429,0.00757
CLPTM1,16.1,0.698,11.2,0.429,0.0076
NID1,15.4,0.729,11.2,0.43,0.00763
DENND3,16.0,0.698,11.2,0.43,0.00767
RBM33,15.9,0.705,11.2,0.43,0.00768
COL24A1,15.4,0.724,11.2,0.431,0.0077
ERAP1,15.8,0.708,11.2,0.431,0.00772
DIAPH1,0.718,15.6,11.2,0.431,0.00772
BTAF1,14.3,0.78,11.1,0.431,0.00783
CUL9,0.702,15.8,11.1,0.432,0.00787
RHBDF1,0.772,14.3,11.1,0.432,0.00789
DSCAM,0.694,15.9,11.0,0.432,0.00789
CDC42BPB,0.707,15.6,11.0,0.433,0.00793
EPS15L1,15.4,0.71,11.0,0.433,0.00802
INSR,0.706,15.5,10.9,0.433,0.00805
ATP8B1,14.4,0.758,10.9,0.434,0.00805
CHPF,16.6,0.657,10.9,0.434,0.00809
TAF1L,0.776,14.0,10.9,0.434,0.00812
DPP6,0.759,14.2,10.8,0.435,0.00814
ANKRD36,15.2,0.708,10.8,0.435,0.00816
WWC1,15.6,0.689,10.7,0.435,0.00823
FBXL19,15.5,0.691,10.7,0.436,0.00829
PKHD1L1,0.7,15.3,10.7,0.436,0.00829
BICRA,18.1,0.588,10.7,0.436,0.00833
ANKRD17,14.6,0.731,10.6,0.437,0.00834
INTS3,13.7,0.777,10.6,0.437,0.00835
SLC6A19,0.763,13.9,10.6,0.437,0.00835
POLQ,14.0,0.754,10.6,0.438,0.00842
TIAM2,0.707,14.9,10.6,0.438,0.00844
EIF3A,13.9,0.76,10.5,0.438,0.00848
AUTS2,14.8,0.708,10.5,0.439,0.00851
FAM184B,15.7,0.666,10.5,0.439,0.00852
NDST1,15.2,0.69,10.5,0.439,0.00852
SEMA6B,15.3,0.683,10.4,0.44,0.00855
NCKAP5L,0.728,14.3,10.4,0.44,0.00862
BOD1L1,0.747,13.8,10.3,0.44,0.00865
VSIG10L2,15.8,0.655,10.3,0.441,0.00867
JARID2,15.3,0.676,10.3,0.441,0.00868
TRPM6,0.656,15.7,10.3,0.441,0.00871
VPS13D,13.4,0.764,10.3,0.442,0.00875
COL9A3,0.676,15.0,10.2,0.442,0.00883
ZZEF1,0.652,15.5,10.1,0.442,0.00887
CHD6,0.648,15.5,10.0,0.443,0.009
SCN1A,0.639,15.6,9.97,0.443,0.00904
MYO5A,0.621,16.0,9.95,0.443,0.0091
GRM6,16.0,0.62,9.91,0.444,0.00917
USH1C,0.716,13.8,9.89,0.444,0.00921
MROH2B,13.8,0.719,9.89,0.444,0.00921
LRRN2,16.9,0.586,9.88,0.445,0.00922
BIRC6,13.6,0.722,9.85,0.445,0.00924
KDM3B,13.4,0.733,9.84,0.445,0.00925
PDZD2,0.717,13.7,9.83,0.446,0.00926
ABCC5,13.6,0.72,9.81,0.446,0.00929
USP31,15.5,0.631,9.78,0.446,0.00932
FRAS1,0.659,14.8,9.73,0.447,0.0094
ATP2C2,0.759,12.8,9.69,0.447,0.00942
SLC12A7,15.2,0.632,9.64,0.447,0.00947
OSBPL7,14.5,0.653,9.48,0.448,0.00967
RERE,15.0,0.63,9.42,0.448,0.00972
NLRC5,14.6,0.645,9.41,0.448,0.00973
SLC45A1,15.9,0.59,9.39,0.449,0.00976
HDAC4,15.6,0.602,9.37,0.449,0.00976
UNC80,12.5,0.751,9.36,0.449,0.00979
DNAH3,13.4,0.696,9.31,0.45,0.00984
MICAL1,13.7,0.674,9.22,0.45,0.00991
EIF4G2,13.1,0.701,9.21,0.45,0.00992
LAMC1,14.1,0.655,9.21,0.451,0.00994
LENG8,13.3,0.689,9.17,0.451,0.00995
ADCY9,0.784,11.7,9.14,0.451,0.00998
BDP1,13.5,0.679,9.14,0.452,0.00999
CACNA1I,0.714,12.7,9.09,0.452,0.0101
ABCC1,0.712,12.8,9.08,0.452,0.0101
SALL1,16.1,0.565,9.08,0.453,0.0101
ANO9,14.9,0.605,9.01,0.453,0.0101
HMCN1,0.579,15.5,8.95,0.453,0.0102
ABCC6,14.5,0.597,8.67,0.454,0.0104
KCNH2,15.5,0.559,8.65,0.454,0.0105
SON,14.2,0.599,8.5,0.454,0.0105
TRIO,0.653,13.0,8.49,0.455,0.0105
CTBP2,0.778,10.9,8.48,0.455,0.0106
SCN4A,0.705,11.9,8.37,0.455,0.0106
PRPF8,0.614,13.4,8.25,0.456,0.0107
PHRF1,0.665,12.3,8.19,0.456,0.0108
DIP2C,13.0,0.629,8.14,0.456,0.0108
MYH6,14.1,0.571,8.05,0.457,0.0109
CUBN,12.3,0.65,8.02,0.457,0.011
PNPLA6,14.6,0.549,8.0,0.457,0.011
SYNM,15.1,0.53,7.99,0.458,0.011
NSD1,0.611,13.0,7.97,0.458,0.011
TRRAP,0.573,13.7,7.84,0.459,0.0112
COL1A1,0.664,11.5,7.62,0.459,0.0113
TNXB,14.1,0.536,7.58,0.459,0.0113
TRPM3,12.3,0.609,7.51,0.46,0.0113
APC,0.586,12.7,7.45,0.46,0.0114
PIEZO2,0.59,12.4,7.34,0.46,0.0115
CACNA1G,0.707,10.2,7.22,0.461,0.0116
DCHS2,0.737,9.78,7.21,0.461,0.0116
SPTBN2,0.586,12.2,7.13,0.462,0.0116
F5,0.642,11.0,7.07,0.462,0.0117
ARHGEF40,0.571,12.3,7.0,0.462,0.0117
GIGYF1,12.3,0.568,6.99,0.463,0.0117
MYOM2,0.62,10.9,6.78,0.463,0.0118
SH3TC1,0.763,8.72,6.65,0.463,0.0119
MACF1,0.505,12.6,6.36,0.464,0.012
TRANK1,0.602,9.71,5.84,0.464,0.0122
ZNF462,11.5,0.481,5.52,0.465,0.0123
CACNA1H,0.659,8.3,5.47,0.465,0.0124
TUBGCP6,12.6,0.433,5.45,0.466,0.0124
TACC2,0.625,8.46,5.29,0.466,0.0125
DCHS1,0.598,8.79,5.26,0.467,0.0125
RNF213,0.531,9.8,5.21,0.467,0.0125
SRRM2,0.528,9.71,5.13,0.467,0.0125
GOLGA8Q,0.997,4.67,4.65,0.468,0.0126
PHF11,0.996,4.64,4.63,0.468,0.0126
HSBP1L1,0.996,4.61,4.6,0.469,0.0126
SRGAP2B,0.992,4.59,4.55,0.469,0.0126
BAHCC1,0.997,4.48,4.46,0.47,0.0127
SNAPC5,0.989,4.5,4.45,0.47,0.0127
FAM86B1,0.988,4.51,4.45,0.471,0.0127
PITHD1,0.991,4.49,4.45,0.471,0.0127
SPTSSA,0.988,4.5,4.45,0.472,0.0127
GLRX,0.983,4.49,4.41,0.472,0.0127
SCAND1,0.995,4.43,4.41,0.473,0.0127
NHLRC4,0.998,4.42,4.41,0.473,0.0127
ENHO,0.992,4.45,4.41,0.474,0.0127
FAM24B,0.996,4.42,4.41,0.474,0.0127
IFNA4,0.999,4.41,4.41,0.474,0.0127
CDK2AP1,0.986,4.45,4.39,0.475,0.0127
EIF3C,0.98,4.48,4.39,0.475,0.0127
H2AC12,0.987,4.44,4.38,0.476,0.0127
TNFSF18,0.986,4.42,4.36,0.476,0.0127
POLR2H,0.985,4.42,4.35,0.477,0.0127
PTTG2,0.997,4.37,4.35,0.477,0.0127
OCIAD1,0.957,4.55,4.35,0.478,0.0128
RNF138,0.98,4.44,4.35,0.478,0.0128
LCE1E,0.99,4.4,4.35,0.479,0.0128
PFDN1,0.951,4.56,4.34,0.479,0.0128
AMIGO3,0.987,4.4,4.34,0.48,0.0128
CTXN2,0.966,4.49,4.33,0.48,0.0128
GLOD4,0.982,4.41,4.33,0.48,0.0128
POTEM,0.979,4.42,4.33,0.481,0.0128
RIPPLY2,0.965,4.48,4.33,0.481,0.0128
GPR62,0.999,4.33,4.32,0.482,0.0128
OR11H1,0.984,4.38,4.31,0.482,0.0128
TRAM1L1,0.997,4.31,4.3,0.483,0.0128
EID1,0.984,4.37,4.3,0.483,0.0128
MANBAL,0.985,4.37,4.3,0.484,0.0128
HIGD2A,0.977,4.4,4.3,0.484,0.0128
H3C1,0.982,4.37,4.29,0.484,0.0129
H2BC12,0.986,4.34,4.28,0.485,0.0129
GAPT,0.996,4.29,4.28,0.485,0.0129
RPS12,0.978,4.37,4.27,0.486,0.0129
FOXL2,0.993,4.3,4.27,0.486,0.0129
GHITM,0.983,4.33,4.26,0.487,0.0129
MIXL1,0.986,4.32,4.26,0.487,0.0129
CALML3,0.994,4.28,4.26,0.488,0.0129
MEIG1,0.97,4.39,4.26,0.488,0.0129
RAP2A,0.974,4.37,4.26,0.488,0.0129
LECT2,0.961,4.42,4.25,0.489,0.0129
MBD3L1,1.0,4.25,4.25,0.489,0.0129
TRAT1,0.981,4.33,4.25,0.49,0.0129
RSPH10B2,0.972,4.37,4.25,0.49,0.0129
HNRNPA0,0.995,4.27,4.25,0.491,0.013
CBFB,0.977,4.35,4.24,0.491,0.013
MPLKIP,0.97,4.37,4.24,0.491,0.013
FAM89B,0.978,4.31,4.22,0.492,0.013
SYNGR3,0.977,4.31,4.21,0.492,0.013
TMEM273,0.97,4.34,4.21,0.493,0.013
OR5C1,0.997,4.22,4.21,0.493,0.013
KRTAP10-12,0.998,4.22,4.21,0.494,0.013
PINLYP,0.981,4.29,4.21,0.494,0.013
COA6,0.962,4.37,4.2,0.494,0.013
DTD2,0.965,4.35,4.2,0.495,0.013
MTX2,0.961,4.37,4.2,0.495,0.013
OR5AN1,1.0,4.2,4.19,0.496,0.0131
CCT6B,0.976,4.3,4.19,0.496,0.0131
GJA10,0.998,4.2,4.19,0.496,0.0131
PRKAG3,0.966,4.33,4.18,0.497,0.0131
CMTM3,0.975,4.28,4.17,0.497,0.0131
GPR152,1.0,4.17,4.17,0.498,0.0131
ZNF551,0.98,4.25,4.17,0.498,0.0131
PGA5,0.949,4.39,4.17,0.499,0.0131
TMEM121,0.977,4.26,4.16,0.499,0.0131
ZNF497,0.999,4.16,4.16,0.499,0.0131
CCDC28A,0.956,4.34,4.15,0.5,0.0131
MOS,1.0,4.15,4.15,0.5,0.0131
ORC5,0.955,4.35,4.15,0.501,0.0132
TEDDM1,0.997,4.16,4.15,0.501,0.0132
TSPAN31,0.944,4.4,4.15,0.501,0.0132
C4orf19,0.993,4.18,4.15,0.502,0.0132
SNRNP27,0.951,4.36,4.15,0.502,0.0132
UBE2QL1,0.974,4.25,4.14,0.503,0.0132
CCDC54,0.97,4.27,4.14,0.503,0.0132
GALP,0.95,4.35,4.13,0.503,0.0132
FUT4,0.985,4.19,4.13,0.504,0.0133
FOXL1,0.993,4.15,4.13,0.504,0.0133
OR5V1,0.999,4.13,4.12,0.505,0.0133
CDS1,0.945,4.36,4.12,0.505,0.0133
ISCU,0.976,4.22,4.12,0.505,0.0133
CCDC90B,0.943,4.37,4.12,0.506,0.0133
OR1J1,0.998,4.13,4.12,0.506,0.0133
VPS26A,0.94,4.38,4.12,0.507,0.0133
JUND,0.989,4.16,4.11,0.507,0.0133
KDELR2,0.946,4.35,4.11,0.507,0.0133
GPR148,0.999,4.12,4.11,0.508,0.0134
DAND5,0.963,4.27,4.11,0.508,0.0134
TIPRL,0.966,4.25,4.1,0.509,0.0134
EMX1,0.969,4.23,4.1,0.509,0.0134
UQCRB,0.928,4.42,4.1,0.509,0.0134
SPATA33,0.975,4.2,4.1,0.51,0.0134
MARCKS,0.987,4.15,4.09,0.51,0.0134
LYNX1,0.972,4.21,4.09,0.51,0.0135
TAF12,0.961,4.25,4.08,0.511,0.0135
DIO3,0.976,4.18,4.08,0.511,0.0135
FABP6,0.97,4.21,4.08,0.512,0.0135
GDI2,0.947,4.31,4.08,0.512,0.0135
OR4B1,1.0,4.08,4.08,0.512,0.0135
UBALD1,0.981,4.16,4.08,0.513,0.0135
RAB28,0.947,4.31,4.08,0.513,0.0136
RASD1,0.972,4.19,4.08,0.514,0.0136
GSKIP,0.958,4.25,4.08,0.514,0.0136
SLC35G1,0.957,4.26,4.07,0.514,0.0136
REG1A,0.956,4.26,4.07,0.515,0.0136
SWI5,0.94,4.33,4.07,0.515,0.0136
C3AR1,0.993,4.1,4.07,0.515,0.0136
CCDC96,0.975,4.18,4.07,0.516,0.0136
FZD7,0.964,4.22,4.07,0.516,0.0136
DPH6,0.947,4.3,4.07,0.517,0.0136
ZNF232,0.944,4.31,4.07,0.517,0.0136
HOXB9,0.961,4.23,4.07,0.517,0.0136
KCNG3,0.947,4.29,4.07,0.518,0.0137
OR2Z1,0.998,4.07,4.06,0.518,0.0137
ZNF547,0.979,4.15,4.06,0.518,0.0137
CLDN23,0.992,4.09,4.06,0.519,0.0137
CABS1,0.997,4.07,4.06,0.519,0.0137
PRR23C,0.984,4.12,4.06,0.519,0.0137
MEMO1,0.95,4.27,4.06,0.52,0.0137
PLAC9,0.947,4.28,4.06,0.52,0.0137
CNBD1,0.933,4.34,4.05,0.521,0.0138
ERICH5,0.95,4.26,4.05,0.521,0.0138
SLURP1,0.965,4.19,4.05,0.521,0.0138
OR2T7,0.999,4.05,4.04,0.522,0.0138
SP5,0.969,4.17,4.04,0.522,0.0138
SLC25A21,0.93,4.34,4.04,0.522,0.0138
FITM2,0.947,4.26,4.04,0.523,0.0139
ZNF823,0.975,4.14,4.03,0.523,0.0139
DUSP11,0.941,4.28,4.03,0.523,0.0139
SDF2,0.928,4.34,4.03,0.524,0.0139
DDX28,0.947,4.25,4.03,0.524,0.0139
GTF3A,0.953,4.22,4.02,0.524,0.0139
TAC3,0.938,4.28,4.02,0.525,0.0139
PTGR2,0.957,4.19,4.01,0.525,0.0139
UBE2T,0.93,4.31,4.01,0.526,0.0139
UQCC2,0.931,4.31,4.01,0.526,0.0139
ZNF35,0.942,4.26,4.01,0.526,0.014
ZNF181,0.969,4.14,4.01,0.527,0.014
THAP1,0.929,4.31,4.0,0.527,0.014
CTSO,0.946,4.23,4.0,0.527,0.014
DMRTA2,0.977,4.1,4.0,0.528,0.014
HAUS1,0.963,4.16,4.0,0.528,0.014
RPAP2,0.965,4.15,4.0,0.528,0.014
RPS11,0.945,4.23,4.0,0.529,0.0141
STEAP1B,0.925,4.32,4.0,0.529,0.0141
PPP1R27,0.96,4.17,4.0,0.529,0.0141
TPBG,0.969,4.12,4.0,0.53,0.0141
CD160,0.941,4.25,4.0,0.53,0.0141
ESM1,0.953,4.19,3.99,0.53,0.0141
BORCS8,0.96,4.16,3.99,0.531,0.0141
ZNHIT2,0.957,4.17,3.99,0.531,0.0141
BOD1,0.926,4.3,3.98,0.531,0.0141
SLC30A4,0.94,4.24,3.98,0.532,0.0141
FOXF1,0.949,4.19,3.98,0.532,0.0142
GPR65,0.993,4.0,3.98,0.532,0.0142
TMEM185B,0.951,4.18,3.97,0.533,0.0142
UBE2Q2,0.933,4.25,3.97,0.533,0.0142
TSPYL4,0.968,4.09,3.97,0.533,0.0142
CD274,0.938,4.23,3.96,0.534,0.0142
CAST,0.958,4.14,3.96,0.534,0.0142
SDR42E1,0.958,4.13,3.96,0.534,0.0142
GLT8D1,0.93,4.26,3.96,0.535,0.0143
MAPK1,0.942,4.2,3.96,0.535,0.0143
BMF,0.909,4.35,3.96,0.535,0.0143
STX12,0.939,4.21,3.96,0.536,0.0143
RASL10B,0.949,4.17,3.96,0.536,0.0143
LIPN,0.956,4.14,3.96,0.536,0.0143
BTBD18,0.983,4.02,3.96,0.537,0.0143
TCF15,0.973,4.07,3.96,0.537,0.0143
SEC62,0.921,4.29,3.95,0.537,0.0143
SFR1,0.939,4.2,3.95,0.538,0.0143
CRX,0.965,4.09,3.95,0.538,0.0144
C2orf49,0.942,4.19,3.95,0.538,0.0144
ZNF408,0.96,4.1,3.94,0.539,0.0144
PAEP,0.953,4.13,3.94,0.539,0.0144
ZNF669,0.972,4.05,3.94,0.539,0.0144
GLYATL1,0.958,4.11,3.94,0.54,0.0144
CFAP99,0.956,4.12,3.94,0.54,0.0144
UBE2R2,0.95,4.14,3.94,0.54,0.0144
UBE2H,0.938,4.19,3.93,0.541,0.0145
TCF23,0.958,4.1,3.93,0.541,0.0145
METTL6,0.934,4.21,3.93,0.541,0.0145
OPA3,0.979,4.01,3.93,0.542,0.0145
FAM180B,0.951,4.13,3.93,0.542,0.0145
PIBF1,0.921,4.26,3.92,0.542,0.0145
BECN2,0.995,3.94,3.92,0.543,0.0146
ATG3,0.945,4.15,3.92,0.543,0.0146
ING1,0.962,4.07,3.92,0.543,0.0146
CH25H,0.962,4.07,3.92,0.544,0.0146
GFOD1,0.947,4.14,3.92,0.544,0.0146
RAB32,0.919,4.26,3.92,0.544,0.0146
DDN,0.969,4.04,3.92,0.544,0.0146
C2orf78,0.965,4.06,3.92,0.545,0.0146
NMNAT3,0.95,4.12,3.92,0.545,0.0146
ZFAND5,0.927,4.22,3.91,0.545,0.0147
IFNL3,0.944,4.15,3.91,0.546,0.0147
DYRK3,0.949,4.12,3.91,0.546,0.0147
CENPV,0.96,4.07,3.91,0.546,0.0147
MAP9,0.949,4.12,3.91,0.547,0.0147
NHLRC2,0.941,4.15,3.9,0.547,0.0147
ZBTB5,0.957,4.08,3.9,0.547,0.0148
ZNF483,0.96,4.06,3.9,0.548,0.0148
EIF5A,0.935,4.16,3.89,0.548,0.0148
SYNGR2,0.964,4.04,3.89,0.548,0.0148
N4BP2L2,0.928,4.19,3.89,0.548,0.0148
GABRA2,0.945,4.12,3.89,0.549,0.0149
MFAP3L,0.929,4.19,3.89,0.549,0.0149
GPR17,0.992,3.92,3.89,0.549,0.0149
RANBP3L,0.907,4.28,3.88,0.55,0.0149
ACBD6,0.915,4.25,3.88,0.55,0.0149
GCNT3,0.988,3.93,3.88,0.55,0.0149
SULT1B1,0.934,4.16,3.88,0.551,0.0149
NODAL,0.946,4.1,3.88,0.551,0.015
NUDT5,0.938,4.14,3.88,0.551,0.015
ARF5,0.956,4.06,3.88,0.552,0.015
RAB2B,0.956,4.05,3.88,0.552,0.015
SPEM1,0.951,4.07,3.87,0.552,0.0151
ZNF773,0.964,4.01,3.87,0.552,0.0151
MESP2,0.948,4.08,3.87,0.553,0.0151
ARMT1,0.953,4.06,3.87,0.553,0.0151
DERL2,0.93,4.16,3.87,0.553,0.0151
OSCAR,0.938,4.12,3.86,0.554,0.0151
LY6H,0.929,4.16,3.86,0.554,0.0151
TSPAN14,0.925,4.17,3.86,0.554,0.0152
EEF1B2,0.938,4.11,3.85,0.554,0.0152
IL20RB,0.937,4.11,3.85,0.555,0.0152
TUBA4A,0.941,4.1,3.85,0.555,0.0152
UGT2B17,0.961,4.01,3.85,0.555,0.0152
ZNF577,0.968,3.98,3.85,0.556,0.0153
EIF3E,0.945,4.07,3.85,0.556,0.0153
CBR1,0.96,4.01,3.85,0.556,0.0153
AGMO,0.922,4.17,3.84,0.557,0.0153
MAF,0.962,3.99,3.84,0.557,0.0153
AKIRIN2,0.922,4.17,3.84,0.557,0.0153
RBM38,0.954,4.02,3.84,0.557,0.0154
RGS8,0.926,4.15,3.84,0.558,0.0154
FEZF2,0.947,4.05,3.84,0.558,0.0154
FAM227B,0.921,4.17,3.84,0.558,0.0154
PSMD7,0.951,4.03,3.84,0.559,0.0154
TEX36,0.926,4.14,3.83,0.559,0.0154
NKX6-1,0.962,3.98,3.83,0.559,0.0154
TMX3,0.909,4.21,3.83,0.559,0.0155
ZNF286A,0.931,4.11,3.83,0.56,0.0155
PRSS33,0.942,4.06,3.83,0.56,0.0155
ENDOD1,0.953,4.01,3.83,0.56,0.0155
SMAD7,0.957,4.0,3.82,0.561,0.0155
RNF152,0.972,3.93,3.82,0.561,0.0155
CCKAR,0.947,4.04,3.82,0.561,0.0156
SLC9B2,0.916,4.17,3.82,0.561,0.0156
STPG4,0.914,4.18,3.82,0.562,0.0156
AAGAB,0.917,4.17,3.82,0.562,0.0156
PLPP5,0.94,4.06,3.82,0.562,0.0156
FBXO4,0.905,4.22,3.82,0.562,0.0156
ACTR6,0.903,4.23,3.82,0.563,0.0157
GPR151,0.944,4.04,3.82,0.563,0.0157
AMN1,0.925,4.12,3.82,0.563,0.0157
YWHAG,0.922,4.14,3.81,0.564,0.0157
LIPT2,0.971,3.92,3.81,0.564,0.0157
CANX,0.917,4.16,3.81,0.564,0.0157
TMED1,0.941,4.05,3.81,0.564,0.0157
CD200R1L,0.952,4.0,3.81,0.565,0.0158
TIMM17A,0.891,4.27,3.81,0.565,0.0158
ZNF786,0.928,4.1,3.81,0.565,0.0158
STX17,0.924,4.11,3.8,0.566,0.0158
CDCA5,0.953,3.98,3.8,0.566,0.0158
HNRNPF,0.954,3.98,3.8,0.566,0.0158
PON2,0.926,4.1,3.79,0.566,0.0158
METAP1D,0.942,4.03,3.79,0.567,0.0158
SLC7A13,0.936,4.05,3.79,0.567,0.0159
HOXA4,0.937,4.05,3.79,0.567,0.0159
GNPDA1,0.944,4.01,3.79,0.567,0.0159
SP9,0.968,3.91,3.79,0.568,0.0159
INHBA,0.956,3.95,3.78,0.568,0.0159
DDAH1,0.918,4.12,3.78,0.568,0.0159
TEPP,0.933,4.04,3.77,0.568,0.016
P2RY11,0.989,3.82,3.77,0.569,0.016
SPHK1,0.978,3.85,3.77,0.569,0.016
PUS1,0.948,3.97,3.77,0.569,0.016
PPID,0.921,4.09,3.77,0.57,0.016
ZNF615,0.945,3.99,3.77,0.57,0.016
CDK2,0.923,4.08,3.77,0.57,0.016
MAL2,0.913,4.12,3.76,0.57,0.016
PPIB,0.949,3.97,3.76,0.571,0.016
IFT74,0.894,4.21,3.76,0.571,0.016
DPY19L1,0.9,4.18,3.76,0.571,0.016
INO80B,0.938,4.01,3.76,0.571,0.0161
ANTKMT,0.949,3.96,3.76,0.572,0.0161
EYA3,0.916,4.11,3.76,0.572,0.0161
KLF6,0.934,4.03,3.76,0.572,0.0161
FNDC8,0.949,3.96,3.76,0.572,0.0161
HAUS3,0.929,4.04,3.75,0.573,0.0162
MYBL1,0.906,4.14,3.75,0.573,0.0162
WDR82,0.931,4.03,3.75,0.573,0.0162
LYPD6B,0.902,4.16,3.75,0.573,0.0162
CHP1,0.913,4.11,3.75,0.574,0.0162
STYXL1,0.931,4.03,3.75,0.574,0.0162
RER1,0.929,4.04,3.75,0.574,0.0163
DGUOK,0.917,4.09,3.75,0.575,0.0163
GSAP,0.936,4.0,3.75,0.575,0.0163
FICD,0.966,3.88,3.75,0.575,0.0163
MIPOL1,0.908,4.12,3.75,0.575,0.0163
ETFBKMT,0.916,4.09,3.75,0.576,0.0163
IRGQ,0.936,4.0,3.74,0.576,0.0163
THAP3,0.964,3.88,3.74,0.576,0.0163
YWHAZ,0.908,4.12,3.74,0.576,0.0164
PTAR1,0.931,4.02,3.74,0.577,0.0164
CCDC71,0.967,3.87,3.74,0.577,0.0164
FOXO1,0.925,4.04,3.74,0.577,0.0164
ATAD1,0.914,4.09,3.74,0.577,0.0164
CYB5D2,0.923,4.05,3.74,0.578,0.0164
GDF2,0.943,3.96,3.74,0.578,0.0164
TAS2R31,0.999,3.73,3.73,0.578,0.0165
TMEM165,0.931,4.01,3.73,0.578,0.0165
CNOT9,0.915,4.07,3.73,0.579,0.0165
TMOD3,0.925,4.03,3.73,0.579,0.0165
METAP1,0.913,4.08,3.73,0.579,0.0165
SP8,0.961,3.88,3.73,0.579,0.0165
VPS36,0.913,4.08,3.72,0.58,0.0165
CABP7,0.934,3.99,3.72,0.58,0.0166
C8orf34,0.917,4.06,3.72,0.58,0.0166
OXGR1,0.935,3.98,3.72,0.58,0.0166
ADSS2,0.896,4.15,3.72,0.581,0.0166
IL6ST,0.932,3.99,3.72,0.581,0.0166
LRRCC1,0.913,4.07,3.71,0.581,0.0167
CCT4,0.91,4.08,3.71,0.581,0.0167
CHST1,0.937,3.96,3.71,0.582,0.0167
SLC18B1,0.914,4.05,3.7,0.582,0.0168
TBC1D15,0.898,4.12,3.7,0.582,0.0168
USP46,0.926,3.99,3.7,0.582,0.0168
MINDY2,0.91,4.06,3.7,0.582,0.0168
FAIM2,0.893,4.14,3.7,0.583,0.0168
OR4D2,0.949,3.89,3.69,0.583,0.0168
SP7,0.948,3.89,3.69,0.583,0.0169
ADAM18,0.925,3.99,3.69,0.583,0.0169
NALF1,0.937,3.94,3.69,0.584,0.0169
ACMSD,0.904,4.08,3.69,0.584,0.0169
NBPF15,0.916,4.02,3.68,0.584,0.0169
USP50,0.927,3.97,3.68,0.584,0.017
ZNF709,0.971,3.79,3.68,0.585,0.017
EIF4A2,0.916,4.02,3.68,0.585,0.017
TMEM222,0.936,3.93,3.68,0.585,0.017
CPQ,0.908,4.05,3.68,0.585,0.017
DNAJB6,0.915,4.01,3.67,0.586,0.0171
CIR1,0.897,4.09,3.67,0.586,0.0171
HSF5,0.922,3.98,3.67,0.586,0.0171
HSF2BP,0.932,3.93,3.67,0.586,0.0171
SLC25A36,0.9,4.07,3.66,0.587,0.0171
AMBP,0.913,4.01,3.66,0.587,0.0171
PIM1,0.92,3.98,3.66,0.587,0.0171
COL8A1,0.918,3.99,3.66,0.587,0.0172
RDH16,0.932,3.92,3.66,0.588,0.0172
ELOVL6,0.897,4.08,3.65,0.588,0.0172
OR11L1,0.999,3.65,3.65,0.588,0.0173
MGAT4A,0.893,4.09,3.65,0.588,0.0173
HS3ST1,0.959,3.81,3.65,0.588,0.0173
CCDC138,0.898,4.06,3.65,0.589,0.0173
KLK1,0.948,3.85,3.64,0.589,0.0174
TANK,0.916,3.98,3.64,0.589,0.0174
TMEM202,0.884,4.12,3.64,0.589,0.0174
APOL3,0.969,3.76,3.64,0.59,0.0175
DPT,0.924,3.94,3.64,0.59,0.0175
HERC5,0.921,3.95,3.64,0.59,0.0175
ZFP69,0.907,4.01,3.64,0.59,0.0175
AGK,0.891,4.08,3.63,0.591,0.0175
SPRY2,0.918,3.96,3.63,0.591,0.0175
CAMLG,0.91,3.99,3.63,0.591,0.0176
TRIM4,0.921,3.94,3.63,0.591,0.0176
RASSF9,0.893,4.07,3.63,0.591,0.0177
ZNF622,0.896,4.05,3.63,0.592,0.0177
NSMCE4A,0.903,4.02,3.63,0.592,0.0177
XKR7,0.952,3.81,3.62,0.592,0.0177
ZNF587B,0.984,3.68,3.62,0.592,0.0177
RXYLT1,0.889,4.08,3.62,0.593,0.0177
IKZF5,0.915,3.96,3.62,0.593,0.0178
PLA1A,0.931,3.88,3.62,0.593,0.0178
PCDH8,0.939,3.85,3.61,0.593,0.0179
ASB4,0.918,3.94,3.61,0.593,0.0179
YTHDF2,0.924,3.91,3.61,0.594,0.0179
TSC22D1,0.942,3.83,3.61,0.594,0.0179
DMRT1,0.939,3.84,3.61,0.594,0.0179
SCO2,0.983,3.67,3.61,0.594,0.0179
CPB2,0.901,4.0,3.61,0.595,0.018
IRX4,0.939,3.84,3.61,0.595,0.018
ATF7,0.902,4.0,3.61,0.595,0.018
PCBP2,0.932,3.87,3.61,0.595,0.018
HTATIP2,0.921,3.92,3.61,0.595,0.018
OR10A2,0.966,3.73,3.61,0.596,0.018
MCHR2,0.908,3.97,3.61,0.596,0.018
GAS2,0.9,4.01,3.61,0.596,0.018
STK35,0.92,3.92,3.61,0.596,0.018
BMP4,0.913,3.95,3.6,0.597,0.0181
SSTR3,0.997,3.62,3.6,0.597,0.0181
POU2AF1,0.93,3.87,3.6,0.597,0.0181
ZNF467,0.934,3.86,3.6,0.597,0.0181
NIPA2,0.91,3.96,3.6,0.597,0.0181
KRIT1,0.891,4.04,3.6,0.598,0.0181
ZNF324B,0.95,3.79,3.6,0.598,0.0181
TSPAN5,0.898,4.01,3.6,0.598,0.0182
UST,0.936,3.85,3.6,0.598,0.0182
ZNF764,0.964,3.73,3.6,0.599,0.0182
MARCHF9,0.92,3.91,3.6,0.599,0.0182
CERT1,0.884,4.07,3.6,0.599,0.0183
KCNS1,0.923,3.89,3.6,0.599,0.0183
SP3,0.912,3.94,3.59,0.599,0.0183
SYCP1,0.879,4.09,3.59,0.6,0.0183
SCYL2,0.895,4.02,3.59,0.6,0.0184
TARDBP,0.9,3.99,3.59,0.6,0.0184
GRAMD2A,0.895,4.01,3.59,0.6,0.0184
ZNF714,0.923,3.89,3.59,0.601,0.0184
NEU2,0.975,3.68,3.59,0.601,0.0184
GDAP1,0.893,4.01,3.59,0.601,0.0185
TOR3A,0.939,3.82,3.58,0.601,0.0185
OLFM4,0.921,3.89,3.58,0.601,0.0185
CENPC,0.917,3.91,3.58,0.602,0.0185
LDLRAD4,0.934,3.84,3.58,0.602,0.0185
MTCH1,0.911,3.93,3.58,0.602,0.0186
SUDS3,0.882,4.06,3.58,0.602,0.0186
GALNT1,0.881,4.07,3.58,0.602,0.0186
RPS16,0.913,3.92,3.58,0.603,0.0186
TIAL1,0.878,4.08,3.58,0.603,0.0186
STXBP4,0.905,3.95,3.58,0.603,0.0186
TRAF3,0.901,3.97,3.58,0.603,0.0187
CCDC39,0.902,3.97,3.58,0.603,0.0187
OR13J1,0.965,3.7,3.58,0.604,0.0187
ENPP2,0.896,3.99,3.58,0.604,0.0187
ZNF517,0.966,3.7,3.57,0.604,0.0188
ZNF555,0.966,3.7,3.57,0.604,0.0188
LRRC4B,0.991,3.61,3.57,0.604,0.0188
IZUMO1,0.895,3.99,3.57,0.605,0.0188
RNF5,0.913,3.91,3.57,0.605,0.0188
PAK1,0.901,3.96,3.57,0.605,0.0188
SGK2,0.913,3.91,3.57,0.605,0.0189
MLX,0.924,3.86,3.57,0.606,0.0189
SF3B4,0.9,3.96,3.57,0.606,0.0189
SEPTIN2,0.897,3.98,3.57,0.606,0.0189
PLAG1,0.905,3.94,3.57,0.606,0.0189
YY1,0.896,3.98,3.57,0.606,0.0189
TAGAP,0.929,3.84,3.57,0.607,0.019
LRP10,0.879,4.06,3.57,0.607,0.019
CKAP4,0.968,3.68,3.57,0.607,0.019
UGT3A2,0.895,3.98,3.57,0.607,0.019
PIGS,0.909,3.92,3.56,0.607,0.019
GRIK2,0.897,3.97,3.56,0.608,0.0191
CERS1,0.944,3.77,3.56,0.608,0.0191
AKR7A2,0.939,3.79,3.56,0.608,0.0191
HAPLN1,0.881,4.04,3.56,0.608,0.0191
ACTL7B,0.965,3.68,3.55,0.608,0.0192
GSR,0.902,3.93,3.55,0.609,0.0192
FAT1,0.502,7.07,3.55,0.609,0.0192
PRMT3,0.915,3.88,3.55,0.609,0.0192
SLC14A1,0.916,3.88,3.55,0.609,0.0193
ZNF267,0.879,4.04,3.55,0.609,0.0193
ZNF197,0.951,3.73,3.55,0.61,0.0193
VSTM4,0.938,3.78,3.55,0.61,0.0193
STX4,0.92,3.86,3.55,0.61,0.0193
KCNK17,0.929,3.82,3.55,0.61,0.0194
ICA1,0.87,4.07,3.54,0.61,0.0194
THOC1,0.899,3.94,3.54,0.611,0.0194
PRKACA,0.915,3.87,3.54,0.611,0.0194
TP53TG5,0.916,3.86,3.54,0.611,0.0194
GZMB,0.905,3.91,3.54,0.611,0.0195
KCNK16,0.949,3.73,3.54,0.611,0.0195
CHKB,0.906,3.9,3.54,0.612,0.0195
HSPG2,8.76,0.404,3.54,0.612,0.0195
TEFM,0.915,3.86,3.54,0.612,0.0195
SLC25A17,0.9,3.93,3.53,0.612,0.0195
GABPB2,0.896,3.94,3.53,0.612,0.0195
NFIX,0.926,3.81,3.53,0.613,0.0195
CCDC149,0.878,4.02,3.53,0.613,0.0196
CIBAR2,0.918,3.85,3.53,0.613,0.0196
MAB21L3,0.907,3.89,3.53,0.613,0.0196
MIEF1,0.902,3.91,3.53,0.613,0.0196
GPR61,0.905,3.9,3.53,0.613,0.0196
DCTN2,0.929,3.8,3.53,0.614,0.0196
SLC30A5,0.923,3.82,3.53,0.614,0.0197
TBX3,0.903,3.91,3.53,0.614,0.0197
LHX9,0.894,3.95,3.53,0.614,0.0198
GNB1L,0.926,3.81,3.53,0.614,0.0198
ELAVL4,0.932,3.78,3.52,0.615,0.0198
NEFM,0.96,3.67,3.52,0.615,0.0198
DYRK2,0.91,3.87,3.52,0.615,0.0198
FAM53B,0.901,3.91,3.52,0.615,0.0199
STX10,0.923,3.82,3.52,0.615,0.0199
CAP2,0.917,3.84,3.52,0.616,0.0199
FNBP1L,0.867,4.06,3.52,0.616,0.0199
CERS6,0.885,3.98,3.52,0.616,0.0199
ZBED6,0.907,3.88,3.52,0.616,0.0199
DDX39A,0.918,3.83,3.52,0.616,0.02
LAX1,0.931,3.78,3.51,0.617,0.02
MAP2K1,0.892,3.94,3.51,0.617,0.02
LRRC37A2,0.932,3.76,3.51,0.617,0.02
CYP4B1,0.927,3.78,3.51,0.617,0.0201
MED27,0.881,3.98,3.51,0.617,0.0201
MRGPRX3,0.958,3.66,3.5,0.617,0.0201
WFDC1,0.883,3.97,3.5,0.618,0.0201
PPP3CB,0.874,4.0,3.5,0.618,0.0201
GRIA2,0.903,3.87,3.5,0.618,0.0201
NDUFS8,0.916,3.82,3.5,0.618,0.0202
AHSG,0.946,3.7,3.49,0.618,0.0202
TYMP,0.913,3.83,3.49,0.619,0.0202
OR2T33,0.962,3.63,3.49,0.619,0.0202
GPT2,0.901,3.88,3.49,0.619,0.0203
ASB18,0.943,3.7,3.49,0.619,0.0203
NAE1,0.855,4.08,3.49,0.619,0.0203
FMOD,0.936,3.72,3.49,0.62,0.0204
FAXC,0.927,3.76,3.49,0.62,0.0204
TCN1,0.908,3.84,3.49,0.62,0.0204
ZNF283,0.982,3.55,3.48,0.62,0.0204
AMACR,0.934,3.73,3.48,0.62,0.0205
ECHS1,0.912,3.82,3.48,0.62,0.0205
OR52R1,0.966,3.6,3.48,0.621,0.0205
RORB,0.889,3.91,3.47,0.621,0.0205
MRPL10,0.914,3.8,3.47,0.621,0.0206
GFPT1,0.908,3.83,3.47,0.621,0.0206
CAMK1D,0.933,3.72,3.47,0.621,0.0207
FAM20B,0.883,3.93,3.47,0.622,0.0207
LGALS3BP,0.947,3.67,3.47,0.622,0.0207
ERFE,0.93,3.73,3.47,0.622,0.0207
CDK3,0.887,3.91,3.47,0.622,0.0207
FGA,0.934,3.72,3.47,0.622,0.0207
PCDHB15,0.999,3.47,3.47,0.622,0.0208
NIPAL3,0.893,3.88,3.47,0.623,0.0208
ADIPOR2,0.867,4.0,3.47,0.623,0.0208
CCNJL,0.914,3.79,3.46,0.623,0.0208
ENPP6,0.932,3.72,3.46,0.623,0.0209
LUC7L2,0.863,4.01,3.46,0.623,0.0209
TFDP1,0.919,3.77,3.46,0.624,0.0209
ZIC5,0.937,3.69,3.46,0.624,0.0209
CASP14,0.892,3.88,3.46,0.624,0.021
CCDC30,0.854,4.05,3.46,0.624,0.021
SGMS2,0.861,4.02,3.46,0.624,0.021
PCDH7,0.922,3.75,3.46,0.624,0.021
BABAM2,0.86,4.02,3.45,0.625,0.0211
PLOD2,0.88,3.92,3.45,0.625,0.0211
TRIM58,0.935,3.69,3.45,0.625,0.0212
CWC25,0.896,3.85,3.45,0.625,0.0212
TCFL5,0.882,3.91,3.45,0.625,0.0212
NDUFS7,0.917,3.76,3.45,0.625,0.0212
PLPP7,0.943,3.65,3.45,0.626,0.0212
ACP2,0.911,3.78,3.44,0.626,0.0213
BICRAL,0.904,3.81,3.44,0.626,0.0213
HSPA4,0.838,4.11,3.44,0.626,0.0213
GNB2,0.913,3.77,3.44,0.626,0.0213
STK32B,0.888,3.87,3.44,0.627,0.0213
PPP1R16A,0.904,3.8,3.44,0.627,0.0214
PLPPR4,0.878,3.91,3.44,0.627,0.0214
DUSP12,0.872,3.94,3.44,0.627,0.0214
SFXN4,0.862,3.99,3.44,0.627,0.0214
MRPS30,0.866,3.97,3.43,0.627,0.0214
ZNF143,0.911,3.77,3.43,0.628,0.0214
TBXA2R,0.968,3.54,3.43,0.628,0.0215
GNAO1,0.902,3.8,3.43,0.628,0.0215
HARBI1,0.876,3.91,3.43,0.628,0.0216
AHNAK,0.901,3.8,3.43,0.628,0.0216
API5,0.857,3.99,3.42,0.628,0.0216
SBK3,0.967,3.54,3.42,0.629,0.0217
COG6,0.907,3.77,3.42,0.629,0.0217
NTN3,0.91,3.76,3.42,0.629,0.0217
SLC16A3,0.941,3.64,3.42,0.629,0.0217
NCF4,0.924,3.7,3.42,0.629,0.0217
ZNF880,0.97,3.53,3.42,0.629,0.0218
SDCBP2,0.93,3.67,3.42,0.63,0.0218
UNC5CL,0.905,3.77,3.42,0.63,0.0218
SESTD1,0.863,3.96,3.42,0.63,0.0219
SLC5A8,0.892,3.83,3.42,0.63,0.0219
ZNF550,0.925,3.69,3.42,0.63,0.0219
ZSCAN5A,0.929,3.68,3.42,0.63,0.0219
PARP15,0.891,3.83,3.42,0.631,0.0219
DDX47,0.873,3.91,3.41,0.631,0.0219
PROS1,0.898,3.8,3.41,0.631,0.022
TBC1D24,0.93,3.66,3.41,0.631,0.022
RBBP4,0.888,3.84,3.41,0.631,0.022
DRD1,0.92,3.71,3.41,0.631,0.022
TRIM64C,0.886,3.84,3.41,0.632,0.0221
FBXL17,0.907,3.76,3.41,0.632,0.0221
LEFTY1,0.941,3.62,3.41,0.632,0.0221
LINGO2,0.902,3.77,3.4,0.632,0.0221
SUCLG2,0.898,3.79,3.4,0.632,0.0221
RNF167,0.899,3.78,3.4,0.632,0.0222
ARSK,0.867,3.93,3.4,0.633,0.0222
ERI3,0.886,3.84,3.4,0.633,0.0222
CRK,0.884,3.85,3.4,0.633,0.0222
KRT18,0.91,3.74,3.4,0.633,0.0222
TRIM15,0.899,3.78,3.4,0.633,0.0223
CUL3,0.882,3.85,3.4,0.633,0.0223
SPOP,0.883,3.84,3.39,0.634,0.0223
MRTFB,0.863,3.93,3.39,0.634,0.0223
SPAG6,0.886,3.83,3.39,0.634,0.0224
GPNMB,0.89,3.81,3.39,0.634,0.0224
ADGRG7,0.904,3.75,3.39,0.634,0.0224
SMARCA5,0.875,3.87,3.38,0.634,0.0225
ACAD8,0.843,4.01,3.38,0.635,0.0225
PSMD11,0.847,3.99,3.38,0.635,0.0225
WDR88,0.908,3.72,3.38,0.635,0.0226
PCDHA11,0.88,3.84,3.38,0.635,0.0226
POLR1G,0.981,3.44,3.37,0.635,0.0226
CFAP69,0.84,4.02,3.37,0.635,0.0226
MYOC,0.875,3.86,3.37,0.636,0.0226
AJAP1,0.923,3.65,3.37,0.636,0.0227
UIMC1,0.859,3.93,3.37,0.636,0.0227
RNF145,0.895,3.77,3.37,0.636,0.0227
GPRIN1,0.986,3.42,3.37,0.636,0.0227
GLCCI1,0.886,3.8,3.37,0.636,0.0227
LPL,0.9,3.74,3.37,0.637,0.0228
ADGRE3,0.893,3.77,3.37,0.637,0.0228
HCFC2,0.894,3.77,3.37,0.637,0.0228
ACP6,0.906,3.71,3.37,0.637,0.0228
SERPINE1,0.925,3.64,3.36,0.637,0.0229
SHB,0.887,3.79,3.36,0.637,0.0229
FBXL5,0.87,3.87,3.36,0.638,0.0229
ISL1,0.908,3.71,3.36,0.638,0.0229
GALNTL5,0.876,3.84,3.36,0.638,0.0229
FSTL5,0.88,3.82,3.36,0.638,0.023
RFX8,0.858,3.92,3.36,0.638,0.023
CD151,0.888,3.78,3.36,0.638,0.023
GABRG2,0.858,3.91,3.36,0.638,0.0231
CCDC15,0.872,3.85,3.36,0.639,0.0231
RNPEP,0.871,3.85,3.35,0.639,0.0231
SUOX,0.901,3.72,3.35,0.639,0.0232
OAS1,0.888,3.78,3.35,0.639,0.0232
ZDHHC11,0.919,3.65,3.35,0.639,0.0232
SOGA3,0.912,3.67,3.35,0.639,0.0232
WDR6,0.841,3.98,3.35,0.64,0.0232
SLC27A2,0.895,3.74,3.35,0.64,0.0232
CRYL1,0.876,3.82,3.35,0.64,0.0233
DNAJB13,0.882,3.8,3.35,0.64,0.0233
CBLC,0.889,3.76,3.35,0.64,0.0233
PRELP,0.892,3.75,3.35,0.64,0.0233
MLLT3,0.901,3.71,3.35,0.641,0.0233
ANXA4,0.846,3.95,3.35,0.641,0.0233
VPS37B,0.963,3.47,3.35,0.641,0.0234
DCP1A,0.889,3.76,3.34,0.641,0.0234
SPAG1,0.885,3.78,3.34,0.641,0.0234
UBN2,0.883,3.79,3.34,0.641,0.0235
TBL2,0.881,3.79,3.34,0.641,0.0235
TFAP2C,0.884,3.78,3.34,0.642,0.0235
RAD51C,0.85,3.93,3.34,0.642,0.0236
NT5DC3,0.889,3.75,3.34,0.642,0.0236
ANKRD54,0.86,3.88,3.34,0.642,0.0236
RHCE,0.877,3.8,3.33,0.642,0.0236
FAF2,0.852,3.91,3.33,0.642,0.0237
ZSWIM9,0.955,3.49,3.33,0.643,0.0238
SPTLC1,0.882,3.78,3.33,0.643,0.0238
RAB40B,0.931,3.58,3.33,0.643,0.0239
MADCAM1,0.962,3.46,3.33,0.643,0.0239
FBXO40,0.863,3.86,3.33,0.643,0.0239
OR1A1,0.937,3.55,3.33,0.643,0.024
SLC4A10,0.869,3.83,3.33,0.643,0.024
PIP4K2B,0.938,3.55,3.33,0.644,0.024
KIR2DL3,0.925,3.59,3.32,0.644,0.024
DDX10,0.875,3.8,3.32,0.644,0.024
SEL1L2,0.859,3.87,3.32,0.644,0.0241
CCDC144A,0.864,3.84,3.32,0.644,0.0241
IL1RAP,0.903,3.68,3.32,0.644,0.0241
RBBP5,0.829,4.0,3.32,0.645,0.0241
ITPRIPL1,0.89,3.73,3.32,0.645,0.0242
PIWIL2,0.859,3.86,3.32,0.645,0.0242
PIK3CB,0.843,3.93,3.32,0.645,0.0242
ZNF579,0.992,3.34,3.32,0.645,0.0242
BTN1A1,0.919,3.61,3.32,0.645,0.0242
PAX2,0.876,3.78,3.32,0.645,0.0243
FUCA1,0.893,3.71,3.32,0.646,0.0243
SNX13,0.848,3.91,3.32,0.646,0.0243
RAD54B,0.846,3.92,3.32,0.646,0.0243
BCL11B,0.945,3.51,3.31,0.646,0.0244
SYT11,0.916,3.61,3.31,0.646,0.0244
HS6ST1,0.95,3.49,3.31,0.646,0.0244
STIP1,0.817,4.05,3.31,0.646,0.0244
TSGA10IP,0.876,3.78,3.31,0.647,0.0245
LMNB1,0.893,3.71,3.31,0.647,0.0245
ADPGK,0.872,3.8,3.31,0.647,0.0245
COL6A5,0.862,3.84,3.31,0.647,0.0245
DGKB,0.834,3.97,3.31,0.647,0.0245
KHK,0.884,3.74,3.31,0.647,0.0246
TTLL2,0.973,3.4,3.31,0.647,0.0246
SLC12A2,0.865,3.82,3.31,0.648,0.0246
TTI1,0.863,3.83,3.31,0.648,0.0246
VPS37C,0.962,3.43,3.3,0.648,0.0246
GABRR2,0.897,3.69,3.3,0.648,0.0247
ZNF574,0.878,3.76,3.3,0.648,0.0247
PWWP2A,0.855,3.86,3.3,0.648,0.0247
NUMB,0.892,3.7,3.3,0.649,0.0247
CHRNA10,0.899,3.67,3.3,0.649,0.0248
HADHA,0.903,3.65,3.3,0.649,0.0248
CEACAM1,0.893,3.69,3.3,0.649,0.0248
TRAPPC14,0.893,3.69,3.3,0.649,0.0249
MBNL1,0.859,3.84,3.3,0.649,0.0249
SOX10,0.946,3.48,3.3,0.649,0.0249
MAP3K7,0.868,3.8,3.3,0.65,0.025
SHISA9,0.885,3.72,3.29,0.65,0.025
NPAP1,0.999,3.3,3.29,0.65,0.025
NFE2L1,0.871,3.78,3.29,0.65,0.025
CPNE4,0.894,3.68,3.29,0.65,0.025
PRKCI,0.832,3.95,3.29,0.65,0.0251
BPIFC,0.874,3.76,3.29,0.65,0.0251
TMEM82,0.92,3.57,3.29,0.651,0.0251
ZC3H6,0.894,3.68,3.29,0.651,0.0251
VAT1L,0.888,3.7,3.29,0.651,0.0251
SLITRK6,0.874,3.76,3.29,0.651,0.0252
P4HA3,0.858,3.83,3.29,0.651,0.0252
ABCG1,0.913,3.6,3.28,0.651,0.0252
ARHGAP5,0.879,3.74,3.28,0.651,0.0252
WDR37,0.869,3.78,3.28,0.652,0.0253
ETV3,0.889,3.69,3.28,0.652,0.0253
ECH1,0.898,3.65,3.28,0.652,0.0253
ASNS,0.873,3.76,3.28,0.652,0.0253
TBK1,0.835,3.92,3.28,0.652,0.0253
MVP,0.869,3.77,3.28,0.652,0.0254
ZBTB44,0.846,3.87,3.28,0.652,0.0254
ANKH,0.921,3.56,3.28,0.653,0.0254
ZFP2,0.84,3.9,3.28,0.653,0.0254
ZNF385A,0.87,3.76,3.27,0.653,0.0255
CPPED1,0.899,3.64,3.27,0.653,0.0255
SLC2A3,0.913,3.58,3.27,0.653,0.0256
ART5,0.89,3.67,3.27,0.653,0.0256
REXO4,0.901,3.63,3.27,0.653,0.0256
P4HTM,0.892,3.67,3.27,0.653,0.0256
DUSP16,0.871,3.75,3.27,0.654,0.0257
KIAA1958,0.918,3.56,3.27,0.654,0.0257
BEST3,0.892,3.66,3.26,0.654,0.0258
MED1,0.847,3.86,3.26,0.654,0.0258
LETM1,0.9,3.62,3.26,0.654,0.0258
LRPPRC,0.869,3.75,3.26,0.654,0.0259
RALGPS1,0.837,3.9,3.26,0.654,0.0259
SAMHD1,0.828,3.94,3.26,0.655,0.0259
TUBB4A,0.943,3.46,3.26,0.655,0.0259
GALK2,0.855,3.81,3.26,0.655,0.0259
SLC4A1AP,0.879,3.7,3.26,0.655,0.0259
MEF2C,0.872,3.74,3.26,0.655,0.026
STK16,0.884,3.68,3.26,0.655,0.026
TBCCD1,0.853,3.82,3.26,0.655,0.026
SLC25A22,0.892,3.65,3.26,0.656,0.026
SMAD4,0.871,3.74,3.25,0.656,0.026
PCDHGB6,0.905,3.59,3.25,0.656,0.026
SLC44A3,0.863,3.77,3.25,0.656,0.026
STK31,0.84,3.87,3.25,0.656,0.026
ST3GAL4,0.879,3.7,3.25,0.656,0.0261
CNGA4,0.876,3.71,3.25,0.656,0.0261
SIGIRR,0.893,3.64,3.25,0.657,0.0261
NEK3,0.838,3.88,3.25,0.657,0.0261
CDCP2,0.946,3.43,3.25,0.657,0.0262
SLFN5,0.92,3.53,3.25,0.657,0.0262
KDM1A,0.851,3.82,3.25,0.657,0.0262
WNT7B,0.899,3.61,3.25,0.657,0.0262
AHR,0.872,3.72,3.25,0.657,0.0262
ZNF445,0.848,3.83,3.24,0.657,0.0262
ZNF207,0.875,3.7,3.24,0.658,0.0263
SAMD9L,0.867,3.74,3.24,0.658,0.0263
GATM,0.84,3.86,3.24,0.658,0.0264
BRD9,0.899,3.6,3.24,0.658,0.0264
TEX45,0.904,3.58,3.24,0.658,0.0264
SYNC,0.889,3.64,3.23,0.658,0.0264
TMCO6,0.866,3.73,3.23,0.658,0.0264
NT5E,0.889,3.64,3.23,0.659,0.0265
SPNS1,0.905,3.57,3.23,0.659,0.0265
LMOD1,0.903,3.58,3.23,0.659,0.0265
PSMD1,0.831,3.89,3.23,0.659,0.0266
FRMPD2,0.885,3.65,3.23,0.659,0.0266
CA9,0.868,3.72,3.23,0.659,0.0266
MINDY4,0.851,3.79,3.23,0.659,0.0266
FAM171A2,0.945,3.42,3.23,0.659,0.0266
TOR2A,0.904,3.57,3.23,0.66,0.0267
ZNF813,0.979,3.3,3.23,0.66,0.0267
CCDC47,0.845,3.81,3.22,0.66,0.0267
DDX4,0.848,3.8,3.22,0.66,0.0268
KRT80,0.893,3.61,3.22,0.66,0.0268
PIK3CA,0.803,4.01,3.22,0.66,0.0268
NPIPB11,0.97,3.32,3.22,0.66,0.0268
PREP,0.846,3.8,3.22,0.661,0.0269
SLC3A2,0.888,3.62,3.22,0.661,0.0269
MYBL2,0.85,3.79,3.22,0.661,0.0269
WDR86,0.919,3.5,3.22,0.661,0.027
ABCE1,0.85,3.78,3.22,0.661,0.027
NANS,0.908,3.54,3.22,0.661,0.027
MFN1,0.862,3.73,3.22,0.661,0.027
TWF2,0.861,3.73,3.22,0.661,0.027
CERK,0.874,3.68,3.21,0.662,0.0271
BIN3,0.88,3.65,3.21,0.662,0.0271
MOCS1,0.874,3.68,3.21,0.662,0.0271
USP30,0.856,3.75,3.21,0.662,0.0271
TNFSF12,0.896,3.58,3.21,0.662,0.0271
ICAM1,0.888,3.62,3.21,0.662,0.0272
GPAM,0.859,3.74,3.21,0.662,0.0272
TBC1D30,0.846,3.8,3.21,0.662,0.0272
TUBA1C,0.915,3.51,3.21,0.663,0.0273
NUGGC,0.902,3.56,3.21,0.663,0.0273
DPY19L3,0.842,3.81,3.21,0.663,0.0273
FAM200B,0.895,3.58,3.21,0.663,0.0273
POLA2,0.841,3.81,3.21,0.663,0.0273
CHMP7,0.892,3.59,3.21,0.663,0.0274
UGT1A8,0.863,3.71,3.2,0.663,0.0274
SF3A3,0.8,4.0,3.2,0.663,0.0274
KBTBD8,0.858,3.73,3.2,0.664,0.0275
KRT3,0.921,3.48,3.2,0.664,0.0275
NME8,0.849,3.77,3.2,0.664,0.0276
ERG,0.911,3.51,3.2,0.664,0.0276
MMP20,0.91,3.51,3.2,0.664,0.0277
TTC8,0.881,3.63,3.2,0.664,0.0277
BTBD16,0.874,3.65,3.2,0.664,0.0277
ZSCAN29,0.873,3.66,3.19,0.664,0.0277
CNOT4,0.894,3.57,3.19,0.665,0.0278
DNAJC2,0.817,3.91,3.19,0.665,0.0278
ADAM22,0.808,3.95,3.19,0.665,0.0279
KNG1,0.925,3.45,3.19,0.665,0.0279
BRF1,0.848,3.76,3.19,0.665,0.0279
CACNG3,0.852,3.74,3.19,0.665,0.028
PAN3,0.847,3.76,3.19,0.665,0.028
EDEM3,0.834,3.82,3.18,0.665,0.0281
ADD3,0.83,3.83,3.18,0.666,0.0281
RFWD3,0.85,3.75,3.18,0.666,0.0281
GALNTL6,0.843,3.78,3.18,0.666,0.0282
FAM98A,0.83,3.83,3.18,0.666,0.0282
PKN2,0.83,3.83,3.18,0.666,0.0282
ANAPC5,0.873,3.64,3.18,0.666,0.0282
CORO1C,0.86,3.69,3.18,0.666,0.0283
TLR9,0.931,3.41,3.18,0.666,0.0283
ESS2,0.88,3.6,3.17,0.667,0.0283
FGD3,0.893,3.55,3.17,0.667,0.0283
WDR43,0.856,3.7,3.17,0.667,0.0284
RUFY4,0.874,3.62,3.17,0.667,0.0284
PRR36,0.889,3.56,3.17,0.667,0.0284
TIPARP,0.846,3.74,3.17,0.667,0.0285
TRIM6,0.849,3.73,3.16,0.667,0.0285
IRF4,0.872,3.63,3.16,0.667,0.0285
GRINA,0.871,3.63,3.16,0.668,0.0286
NTNG1,0.837,3.78,3.16,0.668,0.0286
FBXW8,0.919,3.44,3.16,0.668,0.0286
GABRB2,0.859,3.68,3.16,0.668,0.0287
CDC37,0.91,3.47,3.16,0.668,0.0287
TMPRSS11A,0.826,3.82,3.16,0.668,0.0287
GRK5,0.855,3.69,3.16,0.668,0.0287
PGAM5,0.885,3.56,3.16,0.668,0.0288
INSYN2B,0.865,3.65,3.16,0.669,0.0288
LRFN4,0.898,3.51,3.15,0.669,0.0288
ATP13A3,0.832,3.79,3.15,0.669,0.0289
EYA2,0.882,3.58,3.15,0.669,0.0289
AGPAT2,0.894,3.53,3.15,0.669,0.0289
ZNF398,0.882,3.57,3.15,0.669,0.0289
ANKUB1,0.853,3.7,3.15,0.669,0.029
DLAT,0.884,3.57,3.15,0.669,0.029
PCYOX1L,0.888,3.55,3.15,0.67,0.029
SLC22A17,0.863,3.65,3.15,0.67,0.029
HMGXB4,0.842,3.74,3.15,0.67,0.0291
GUCY1A1,0.842,3.74,3.15,0.67,0.0291
RECQL,0.877,3.59,3.15,0.67,0.0291
USP44,0.844,3.73,3.15,0.67,0.0292
FAM91A1,0.848,3.71,3.15,0.67,0.0292
NRBP1,0.827,3.8,3.15,0.67,0.0292
TBC1D5,0.849,3.71,3.15,0.671,0.0293
GPRC6A,0.91,3.46,3.14,0.671,0.0293
ABTB1,0.874,3.6,3.14,0.671,0.0293
SRPK1,0.852,3.69,3.14,0.671,0.0294
PLCB1,0.868,3.62,3.14,0.671,0.0294
CBARP,0.938,3.35,3.14,0.671,0.0294
VEZT,0.847,3.71,3.14,0.671,0.0294
RIOX1,0.915,3.43,3.14,0.671,0.0294
PTGES2,0.861,3.64,3.14,0.671,0.0295
ANKAR,0.832,3.77,3.14,0.672,0.0295
CRTC3,0.848,3.7,3.14,0.672,0.0295
AGRN,0.579,5.42,3.13,0.672,0.0295
MCRS1,0.867,3.61,3.13,0.672,0.0295
SLC41A3,0.864,3.63,3.13,0.672,0.0296
OVGP1,0.912,3.44,3.13,0.672,0.0296
NECAB3,0.877,3.57,3.13,0.672,0.0296
TCP1,0.862,3.63,3.13,0.672,0.0296
IWS1,0.842,3.72,3.13,0.673,0.0296
B3GNTL1,0.838,3.73,3.13,0.673,0.0297
CLASP2,0.861,3.63,3.13,0.673,0.0297
AP2M1,0.868,3.6,3.13,0.673,0.0298
TBC1D31,0.82,3.81,3.13,0.673,0.0298
PWP1,0.818,3.81,3.12,0.673,0.0299
IKBKB,0.82,3.8,3.12,0.673,0.0299
OTUD7B,0.84,3.71,3.12,0.673,0.0299
DGLUCY,0.885,3.52,3.12,0.673,0.0299
SREK1,0.819,3.8,3.11,0.674,0.03
ACTG2,0.874,3.56,3.11,0.674,0.03
LRRC41,0.862,3.61,3.11,0.674,0.03
TDRD1,0.83,3.75,3.11,0.674,0.03
IL27RA,0.849,3.67,3.11,0.674,0.0301
SLC5A2,0.885,3.51,3.11,0.674,0.0301
SLC35G4,0.92,3.38,3.11,0.674,0.0301
MTMR9,0.834,3.73,3.11,0.674,0.0301
XKR6,0.841,3.7,3.11,0.675,0.0302
EPB42,0.853,3.65,3.11,0.675,0.0302
ARPC1A,0.837,3.72,3.11,0.675,0.0302
KANSL1L,0.827,3.76,3.11,0.675,0.0302
MCTP1,0.867,3.58,3.11,0.675,0.0302
KCND3,0.896,3.47,3.11,0.675,0.0303
FBXO34,0.897,3.46,3.1,0.675,0.0303
GABRD,0.897,3.46,3.1,0.675,0.0303
R3HCC1,0.902,3.44,3.1,0.675,0.0304
SESN2,0.881,3.52,3.1,0.676,0.0304
SV2B,0.859,3.61,3.1,0.676,0.0304
USP39,0.834,3.71,3.1,0.676,0.0305
UBP1,0.851,3.64,3.1,0.676,0.0305
RNF157,0.843,3.67,3.1,0.676,0.0305
SLC22A18,0.933,3.32,3.1,0.676,0.0305
SSC4D,0.878,3.53,3.09,0.676,0.0305
NOM1,0.907,3.41,3.09,0.676,0.0306
SLC2A8,0.901,3.43,3.09,0.676,0.0306
SLC8A1,0.854,3.62,3.09,0.677,0.0306
ST3GAL3,0.858,3.6,3.09,0.677,0.0307
MAPK4,0.897,3.45,3.09,0.677,0.0307
ASPH,0.827,3.73,3.09,0.677,0.0307
HSP90AA1,0.853,3.62,3.09,0.677,0.0307
BNIP5,0.841,3.67,3.09,0.677,0.0307
SDAD1,0.817,3.78,3.09,0.677,0.0308
SLC15A2,0.844,3.66,3.08,0.677,0.0308
AGBL2,0.821,3.76,3.08,0.677,0.0308
PRKCA,0.817,3.77,3.08,0.678,0.0308
NR1H2,0.883,3.49,3.08,0.678,0.0309
ARHGAP26,0.863,3.57,3.08,0.678,0.0309
ITGB7,0.856,3.6,3.08,0.678,0.0309
ASS1,0.855,3.6,3.08,0.678,0.0309
ZNF518A,0.83,3.71,3.08,0.678,0.031
HCK,0.849,3.62,3.07,0.678,0.031
SMC6,0.821,3.74,3.07,0.678,0.031
TPSG1,0.94,3.27,3.07,0.678,0.031
GCK,0.897,3.43,3.07,0.679,0.031
CHD1,0.859,3.58,3.07,0.679,0.031
COPG1,0.858,3.58,3.07,0.679,0.0311
MECOM,0.864,3.55,3.07,0.679,0.0312
STPG3,0.867,3.53,3.07,0.679,0.0312
PACS2,0.879,3.49,3.06,0.679,0.0312
ATE1,0.819,3.74,3.06,0.679,0.0313
CATSPERB,0.863,3.55,3.06,0.679,0.0313
IGFN1,0.576,5.32,3.06,0.679,0.0313
EPC2,0.821,3.73,3.06,0.68,0.0313
HHAT,0.849,3.61,3.06,0.68,0.0314
PAPOLG,0.808,3.79,3.06,0.68,0.0314
POGK,0.838,3.65,3.06,0.68,0.0314
DAPK3,0.93,3.29,3.06,0.68,0.0315
DDX24,0.834,3.66,3.06,0.68,0.0315
FOXP2,0.798,3.83,3.06,0.68,0.0315
STRADA,0.843,3.62,3.05,0.68,0.0316
MNT,0.916,3.33,3.05,0.68,0.0316
PLEKHD1,0.879,3.47,3.05,0.681,0.0316
ABHD4,0.818,3.73,3.05,0.681,0.0317
RBFOX1,0.881,3.46,3.05,0.681,0.0317
SLC1A1,0.852,3.58,3.05,0.681,0.0317
CFI,0.81,3.77,3.05,0.681,0.0317
L1TD1,0.939,3.25,3.05,0.681,0.0317
RMDN3,0.833,3.66,3.05,0.681,0.0318
GDF5,0.885,3.45,3.05,0.681,0.0318
KRT73,0.894,3.41,3.05,0.681,0.0318
ZNF821,0.818,3.72,3.05,0.682,0.0318
RABGEF1,0.83,3.67,3.05,0.682,0.0318
ALDH7A1,0.813,3.75,3.04,0.682,0.0319
EPN3,0.862,3.53,3.04,0.682,0.0319
TXNRD1,0.847,3.59,3.04,0.682,0.0319
AASS,0.864,3.52,3.04,0.682,0.0319
NDST4,0.805,3.77,3.04,0.682,0.032
PSG11,0.835,3.64,3.04,0.682,0.032
USO1,0.837,3.63,3.04,0.682,0.032
SLC45A2,0.896,3.39,3.04,0.683,0.032
FZR1,0.892,3.4,3.04,0.683,0.0321
SLC25A10,0.888,3.41,3.03,0.683,0.0322
GNAS,0.875,3.46,3.03,0.683,0.0323
PTCHD4,0.866,3.5,3.03,0.683,0.0323
GMEB2,0.899,3.37,3.03,0.683,0.0323
BRME1,0.864,3.5,3.03,0.683,0.0323
MCM6,0.829,3.65,3.03,0.683,0.0324
SLC7A14,0.878,3.45,3.03,0.683,0.0324
UPF1,0.879,3.44,3.02,0.683,0.0325
EYA1,0.843,3.59,3.02,0.684,0.0325
CBFA2T2,0.841,3.59,3.02,0.684,0.0325
EIF3G,0.897,3.37,3.02,0.684,0.0325
TTLL1,0.838,3.61,3.02,0.684,0.0326
GRM3,0.847,3.57,3.02,0.684,0.0326
RBBP8NL,0.887,3.41,3.02,0.684,0.0326
AHCYL2,0.804,3.76,3.02,0.684,0.0326
TRIM68,0.83,3.64,3.02,0.684,0.0327
EML4,0.793,3.8,3.01,0.684,0.0328
CFAP91,0.845,3.57,3.01,0.685,0.0328
EIF2AK1,0.832,3.62,3.01,0.685,0.0328
MRE11,0.804,3.74,3.01,0.685,0.0329
EXD2,0.839,3.59,3.01,0.685,0.0329
PCDH17,0.857,3.51,3.01,0.685,0.0329
SYTL3,0.859,3.5,3.01,0.685,0.0329
PLA2G6,0.866,3.47,3.01,0.685,0.0329
PPP1R9B,0.909,3.31,3.01,0.685,0.033
CARNS1,0.86,3.5,3.01,0.685,0.033
ZNF316,0.916,3.28,3.01,0.685,0.033
MEAK7,0.881,3.41,3.0,0.686,0.0331
CEP85,0.857,3.5,3.0,0.686,0.0331
RPL4,0.811,3.7,3.0,0.686,0.0331
TTF1,0.821,3.65,3.0,0.686,0.0331
DPYS,0.825,3.64,3.0,0.686,0.0332
ZYG11B,0.818,3.67,3.0,0.686,0.0332
ZNF224,0.952,3.15,3.0,0.686,0.0332
SLC9C1,0.846,3.54,3.0,0.686,0.0333
CCNT1,0.879,3.41,2.99,0.686,0.0333
INPP4A,0.834,3.59,2.99,0.687,0.0334
GAS2L2,0.894,3.35,2.99,0.687,0.0334
CENPE,0.816,3.66,2.99,0.687,0.0334
ITGA8,0.807,3.7,2.99,0.687,0.0335
FAM171B,0.852,3.51,2.99,0.687,0.0335
MAEA,0.877,3.41,2.99,0.687,0.0335
PREX2,0.847,3.52,2.99,0.687,0.0335
STAP2,0.872,3.42,2.98,0.687,0.0336
DMKN,0.854,3.49,2.98,0.687,0.0336
PPP4R3A,0.815,3.66,2.98,0.687,0.0336
ATG4D,0.871,3.42,2.98,0.688,0.0336
SORCS3,0.853,3.49,2.98,0.688,0.0336
SLC2A11,0.876,3.4,2.98,0.688,0.0337
FUT10,0.817,3.65,2.98,0.688,0.0337
TAF5,0.83,3.59,2.98,0.688,0.0337
CPEB2,0.884,3.37,2.98,0.688,0.0338
WDR18,0.901,3.3,2.98,0.688,0.0339
APOBEC3F,0.844,3.53,2.98,0.688,0.0339
CARS1,0.868,3.43,2.98,0.688,0.0339
XYLB,0.848,3.51,2.98,0.688,0.034
APBA2,0.886,3.36,2.98,0.689,0.0341
GAN,0.832,3.58,2.97,0.689,0.0341
CCDC51,0.811,3.66,2.97,0.689,0.0342
LIPE,0.852,3.49,2.97,0.689,0.0342
TROAP,0.822,3.62,2.97,0.689,0.0342
ZNF609,0.808,3.67,2.97,0.689,0.0342
ANAPC7,0.843,3.52,2.97,0.689,0.0343
GFUS,0.866,3.43,2.97,0.689,0.0344
FYN,0.805,3.69,2.97,0.689,0.0344
CHDH,0.903,3.29,2.97,0.69,0.0345
ADAM10,0.801,3.71,2.97,0.69,0.0345
LPO,0.827,3.59,2.97,0.69,0.0345
FCN1,0.858,3.46,2.97,0.69,0.0346
AKT2,0.885,3.35,2.96,0.69,0.0347
PCDHB7,0.999,2.97,2.96,0.69,0.0347
GAS6,0.858,3.45,2.96,0.69,0.0347
BRDT,0.82,3.61,2.96,0.69,0.0347
WTIP,0.863,3.43,2.96,0.69,0.0348
SUCO,0.839,3.52,2.96,0.69,0.0348
RAB11FIP1,0.858,3.45,2.96,0.691,0.0348
ACAD10,0.779,3.79,2.96,0.691,0.0349
PSG1,0.856,3.45,2.95,0.691,0.0349
ANKRD26,0.811,3.64,2.95,0.691,0.0349
ATP6V0A1,0.792,3.73,2.95,0.691,0.0349
CLIP3,0.875,3.37,2.95,0.691,0.0349
CFAP43,0.804,3.67,2.95,0.691,0.035
KPNB1,0.815,3.62,2.95,0.691,0.035
MMP25,0.859,3.43,2.95,0.691,0.035
KDM4C,0.828,3.56,2.95,0.691,0.0351
RUFY1,0.838,3.52,2.95,0.691,0.0351
ALG9,0.794,3.71,2.95,0.692,0.0351
C8B,0.832,3.54,2.95,0.692,0.0351
ZFP64,0.889,3.31,2.94,0.692,0.0352
BLM,0.823,3.57,2.94,0.692,0.0353
PRAMEF19,0.888,3.31,2.94,0.692,0.0353
CFAP53,0.823,3.57,2.94,0.692,0.0353
TRIM41,0.837,3.51,2.94,0.692,0.0353
KIAA0825,0.809,3.63,2.94,0.692,0.0353
MARCHF10,0.842,3.49,2.94,0.692,0.0354
PLBD2,0.84,3.5,2.94,0.692,0.0354
NECTIN4,0.858,3.42,2.94,0.693,0.0354
GMPPA,0.849,3.45,2.93,0.693,0.0354
FOXP4,0.899,3.26,2.93,0.693,0.0354
SLC6A3,0.848,3.45,2.92,0.693,0.0355
HNRNPU,0.813,3.6,2.92,0.693,0.0356
USP49,0.834,3.5,2.92,0.693,0.0356
SLC22A1,0.885,3.3,2.92,0.693,0.0356
SLC23A1,0.86,3.39,2.92,0.693,0.0357
ZP1,0.814,3.58,2.92,0.693,0.0357
NARS1,0.782,3.73,2.91,0.693,0.0357
TRPC3,0.819,3.56,2.91,0.694,0.0358
LIPC,0.866,3.36,2.91,0.694,0.0358
ZNF536,0.901,3.23,2.91,0.694,0.0358
TF,0.85,3.42,2.91,0.694,0.0359
CALD1,0.819,3.55,2.91,0.694,0.0359
TTC39A,0.842,3.46,2.91,0.694,0.036
NSD3,0.771,3.77,2.91,0.694,0.036
CAMKV,0.837,3.47,2.91,0.694,0.0361
INAVA,0.873,3.32,2.9,0.694,0.0361
SHMT2,0.787,3.69,2.9,0.694,0.0361
PHC3,0.812,3.57,2.9,0.695,0.0362
APBB3,0.86,3.37,2.9,0.695,0.0362
VANGL1,0.856,3.38,2.9,0.695,0.0362
GLDC,0.815,3.55,2.9,0.695,0.0362
NOL8,0.83,3.48,2.89,0.695,0.0363
CRTC2,0.793,3.64,2.89,0.695,0.0363
ARCN1,0.786,3.68,2.89,0.695,0.0364
PLIN3,0.902,3.21,2.89,0.695,0.0364
KIF5C,0.853,3.39,2.89,0.695,0.0364
PRPF38B,0.79,3.65,2.89,0.695,0.0364
OSBPL3,0.799,3.61,2.89,0.695,0.0365
CSK,0.813,3.55,2.89,0.696,0.0365
CCDC188,0.881,3.28,2.89,0.696,0.0366
KRT81,0.916,3.15,2.88,0.696,0.0366
R3HDM1,0.814,3.54,2.88,0.696,0.0367
SLC1A3,0.812,3.55,2.88,0.696,0.0367
KRT15,0.843,3.42,2.88,0.696,0.0367
TOP2B,0.8,3.6,2.88,0.696,0.0367
KLHL14,0.832,3.46,2.88,0.696,0.0368
ATAD2,0.78,3.69,2.87,0.696,0.0368
TESK1,0.808,3.56,2.87,0.696,0.0369
CDK10,0.848,3.39,2.87,0.697,0.0369
MARCHF7,0.818,3.51,2.87,0.697,0.0369
DDX39B,0.846,3.4,2.87,0.697,0.037
UBE3A,0.83,3.46,2.87,0.697,0.037
SLC26A9,0.871,3.29,2.87,0.697,0.037
CNGB3,0.821,3.49,2.87,0.697,0.037
WAPL,0.795,3.61,2.87,0.697,0.0371
ZNF76,0.843,3.4,2.87,0.697,0.0371
PCDHB8,0.998,2.87,2.87,0.697,0.0372
STIL,0.807,3.55,2.87,0.697,0.0372
BBS9,0.763,3.75,2.87,0.697,0.0372
MUSK,0.8,3.58,2.86,0.698,0.0373
BCAS3,0.772,3.71,2.86,0.698,0.0373
UNC45B,0.812,3.53,2.86,0.698,0.0373
MMP15,0.829,3.45,2.86,0.698,0.0374
PAMR1,0.79,3.62,2.86,0.698,0.0375
ERBIN,0.782,3.66,2.86,0.698,0.0375
PLCL2,0.849,3.36,2.86,0.698,0.0375
MAP2K7,0.883,3.23,2.86,0.698,0.0376
RFC1,0.817,3.49,2.85,0.698,0.0376
FGD2,0.867,3.29,2.85,0.698,0.0376
FHIP2A,0.808,3.53,2.85,0.699,0.0377
LIMK1,0.833,3.42,2.85,0.699,0.0377
EARS2,0.863,3.3,2.85,0.699,0.0377
NEDD4,0.802,3.55,2.85,0.699,0.0378
EFCAB8,0.847,3.36,2.85,0.699,0.0378
PAK4,0.848,3.35,2.85,0.699,0.0378
TSPEAR,0.84,3.39,2.85,0.699,0.0379
PLXNC1,0.866,3.28,2.84,0.699,0.0379
RAB11FIP4,0.87,3.27,2.84,0.699,0.0381
ITCH,0.813,3.49,2.84,0.699,0.0381
CDCA2,0.885,3.21,2.84,0.699,0.0382
ARHGEF25,0.834,3.4,2.84,0.7,0.0382
KDM3A,0.806,3.52,2.84,0.7,0.0382
ADAP1,0.812,3.5,2.84,0.7,0.0383
SRSF4,0.835,3.4,2.84,0.7,0.0383
MAML2,0.867,3.27,2.84,0.7,0.0384
DDX60L,0.817,3.47,2.83,0.7,0.0384
IVNS1ABP,0.765,3.71,2.83,0.7,0.0385
LRRC7,0.828,3.42,2.83,0.7,0.0385
CTTNBP2,0.848,3.34,2.83,0.7,0.0385
RHOBTB2,0.823,3.44,2.83,0.7,0.0385
SEMA4D,0.851,3.33,2.83,0.7,0.0386
TMC6,0.855,3.31,2.83,0.701,0.0386
DLG2,0.76,3.72,2.83,0.701,0.0386
ESPN,0.886,3.19,2.83,0.701,0.0387
PCDH1,0.865,3.27,2.83,0.701,0.0387
TMF1,0.799,3.54,2.83,0.701,0.0387
TNKS,0.832,3.39,2.82,0.701,0.0387
ARHGEF33,0.811,3.48,2.82,0.701,0.0388
COLEC12,0.898,3.14,2.82,0.701,0.0388
MCF2L2,0.805,3.51,2.82,0.701,0.0388
L3MBTL1,0.809,3.48,2.82,0.701,0.0389
ERC1,0.789,3.57,2.82,0.701,0.0389
ELP3,0.787,3.58,2.82,0.702,0.0389
PRPF4,0.809,3.48,2.82,0.702,0.0389
HJURP,0.838,3.36,2.82,0.702,0.0389
PCDHGC4,0.843,3.34,2.82,0.702,0.039
ARID2,0.81,3.48,2.81,0.702,0.039
NCOA2,0.808,3.48,2.81,0.702,0.039
VWA7,0.801,3.51,2.81,0.702,0.0391
EIF2B5,0.787,3.58,2.81,0.702,0.0391
VASP,0.867,3.24,2.81,0.702,0.0391
USP10,0.861,3.26,2.81,0.702,0.0392
SIN3A,0.784,3.58,2.81,0.702,0.0392
MTMR2,0.765,3.67,2.81,0.703,0.0392
PANK4,0.847,3.32,2.81,0.703,0.0392
DNAJC16,0.787,3.57,2.81,0.703,0.0393
SYK,0.838,3.35,2.81,0.703,0.0393
DDR2,0.79,3.55,2.81,0.703,0.0393
WDR64,0.791,3.55,2.8,0.703,0.0393
KLHL31,0.861,3.25,2.8,0.703,0.0394
C2CD6,0.814,3.44,2.8,0.703,0.0394
MYORG,0.894,3.13,2.8,0.703,0.0394
USP4,0.813,3.45,2.8,0.703,0.0394
PCSK1,0.791,3.54,2.8,0.703,0.0394
RBM20,0.839,3.33,2.8,0.704,0.0395
ZNF839,0.849,3.3,2.8,0.704,0.0395
SLC26A11,0.89,3.14,2.8,0.704,0.0396
RPH3A,0.773,3.61,2.79,0.704,0.0397
ACTB,0.92,3.03,2.79,0.704,0.0397
POLR3E,0.858,3.25,2.79,0.704,0.0397
TUFM,0.844,3.3,2.79,0.704,0.0398
FRMD4A,0.888,3.14,2.79,0.704,0.0398
AP1B1,0.827,3.37,2.79,0.704,0.0398
RIMS2,0.8,3.48,2.79,0.704,0.0398
HIRA,0.807,3.45,2.79,0.704,0.0399
UMOD,0.843,3.3,2.79,0.705,0.0399
DDX56,0.844,3.3,2.79,0.705,0.0399
PTGFRN,0.852,3.27,2.78,0.705,0.04
CLSPN,0.769,3.62,2.78,0.705,0.04
DDX60,0.734,3.79,2.78,0.705,0.04
BLK,0.834,3.33,2.78,0.705,0.0401
KIF3B,0.823,3.37,2.78,0.705,0.0401
PNLDC1,0.8,3.47,2.78,0.705,0.0401
AGXT2,0.815,3.41,2.78,0.705,0.0402
BMPR2,0.77,3.61,2.78,0.705,0.0402
ZNF618,0.832,3.33,2.77,0.705,0.0402
FCRL5,0.875,3.17,2.77,0.705,0.0402
BRPF3,0.791,3.51,2.77,0.706,0.0402
NCOA5,0.802,3.46,2.77,0.706,0.0403
SLC9A4,0.836,3.32,2.77,0.706,0.0403
KCNH8,0.778,3.56,2.77,0.706,0.0403
RNF216,0.781,3.55,2.77,0.706,0.0404
NGEF,0.873,3.17,2.77,0.706,0.0404
TMC5,0.785,3.53,2.77,0.706,0.0404
RAPH1,0.86,3.22,2.77,0.706,0.0405
GRB10,0.835,3.31,2.77,0.706,0.0405
CNKSR1,0.789,3.51,2.77,0.706,0.0405
SMPD4,0.81,3.41,2.76,0.706,0.0406
CPD,0.768,3.6,2.76,0.707,0.0406
TMC8,0.859,3.22,2.76,0.707,0.0406
ZBTB48,0.82,3.37,2.76,0.707,0.0406
RBM27,0.761,3.63,2.76,0.707,0.0407
HPS4,0.864,3.19,2.76,0.707,0.0407
FHIP1A,0.845,3.26,2.76,0.707,0.0407
WBP11,0.748,3.68,2.75,0.707,0.0408
ASIC4,0.846,3.25,2.75,0.707,0.0408
ABL1,0.842,3.27,2.75,0.707,0.0408
CACHD1,0.812,3.39,2.75,0.707,0.0409
RANBP10,0.856,3.21,2.75,0.707,0.0409
PDE4C,0.852,3.22,2.74,0.707,0.041
SCAPER,0.76,3.61,2.74,0.708,0.041
CNTN5,0.777,3.53,2.74,0.708,0.041
TMEM132D,0.893,3.07,2.74,0.708,0.0411
ARHGAP17,0.805,3.41,2.74,0.708,0.0411
PGLYRP2,0.827,3.31,2.74,0.708,0.0411
XYLT1,0.83,3.3,2.74,0.708,0.0412
DNAI4,0.754,3.63,2.74,0.708,0.0412
GBP1,0.813,3.37,2.74,0.708,0.0412
VWCE,0.782,3.49,2.73,0.708,0.0413
ECE1,0.832,3.28,2.73,0.708,0.0413
ARRB2,0.82,3.33,2.73,0.708,0.0414
PRKAG2,0.795,3.44,2.73,0.708,0.0414
HNRNPM,0.815,3.35,2.73,0.709,0.0414
TRMT2A,0.83,3.29,2.73,0.709,0.0415
TMEM201,0.863,3.16,2.73,0.709,0.0416
NOP14,0.789,3.46,2.73,0.709,0.0416
TUBGCP3,0.763,3.57,2.72,0.709,0.0417
IL16,0.827,3.29,2.72,0.709,0.0417
HNF4A,0.831,3.28,2.72,0.709,0.0418
CNTRL,0.762,3.57,2.72,0.709,0.0418
ANKS3,0.809,3.36,2.72,0.709,0.0419
PRTG,0.807,3.36,2.72,0.709,0.0419
BRAF,0.766,3.54,2.71,0.709,0.042
DAB2IP,0.878,3.09,2.71,0.71,0.042
TBC1D2,0.844,3.21,2.71,0.71,0.042
COL15A1,0.799,3.39,2.71,0.71,0.0421
ZYX,0.819,3.31,2.71,0.71,0.0421
CEP152,0.752,3.61,2.71,0.71,0.0421
ALOX12,0.819,3.31,2.71,0.71,0.0422
STK36,0.791,3.42,2.71,0.71,0.0422
CYP4F12,0.862,3.14,2.71,0.71,0.0422
ROR1,0.847,3.19,2.71,0.71,0.0423
MTHFD1,0.807,3.35,2.7,0.71,0.0424
BRD3,0.883,3.06,2.7,0.71,0.0424
ZBTB40,0.825,3.28,2.7,0.71,0.0425
ZC3HAV1,0.815,3.31,2.7,0.711,0.0425
PES1,0.803,3.37,2.7,0.711,0.0426
ZBTB11,0.757,3.57,2.7,0.711,0.0426
IMPDH1,0.827,3.26,2.7,0.711,0.0426
CHERP,0.831,3.24,2.69,0.711,0.0427
EPHB1,0.825,3.27,2.69,0.711,0.0427
GAL3ST4,0.81,3.33,2.69,0.711,0.0427
SLC22A12,0.843,3.19,2.69,0.711,0.0428
TRIM42,0.799,3.37,2.69,0.711,0.0428
CTIF,0.825,3.25,2.68,0.711,0.0429
SEMA6D,0.803,3.34,2.68,0.711,0.0429
AP3B2,0.83,3.23,2.68,0.711,0.043
TET3,0.838,3.2,2.68,0.712,0.043
ENGASE,0.813,3.3,2.68,0.712,0.043
SF3B2,0.805,3.33,2.68,0.712,0.0431
PSMD2,0.769,3.48,2.68,0.712,0.0431
BAZ2B,0.744,3.6,2.68,0.712,0.0432
DDX17,0.81,3.3,2.68,0.712,0.0432
MED23,0.772,3.46,2.68,0.712,0.0433
DNAJC11,0.779,3.43,2.67,0.712,0.0433
LRRC8A,0.905,2.95,2.67,0.712,0.0434
LMNA,0.821,3.26,2.67,0.712,0.0434
FLYWCH1,0.851,3.14,2.67,0.712,0.0434
CYP2W1,0.881,3.03,2.67,0.712,0.0435
CHAT,0.796,3.35,2.67,0.713,0.0435
SLC6A5,0.837,3.19,2.67,0.713,0.0436
BRIP1,0.799,3.34,2.67,0.713,0.0436
FGFRL1,0.872,3.06,2.67,0.713,0.0436
MLPH,0.817,3.27,2.67,0.713,0.0436
SH2D3C,0.853,3.13,2.67,0.713,0.0437
PXN,0.791,3.37,2.66,0.713,0.0438
TAF15,0.771,3.46,2.66,0.713,0.0439
PNPLA1,0.827,3.21,2.66,0.713,0.0439
RICTOR,0.748,3.55,2.66,0.713,0.044
AKAP8L,0.808,3.29,2.66,0.713,0.044
CDH22,0.894,2.97,2.66,0.713,0.044
WASHC5,0.778,3.41,2.66,0.714,0.044
LY75,0.779,3.41,2.65,0.714,0.0441
KIF22,0.809,3.28,2.65,0.714,0.0442
LMNB2,0.887,2.99,2.65,0.714,0.0442
SFMBT2,0.757,3.5,2.65,0.714,0.0442
PTPRZ1,0.795,3.33,2.64,0.714,0.0443
PPP2R3A,0.81,3.26,2.64,0.714,0.0443
ITPKB,0.878,3.01,2.64,0.714,0.0444
EIF3B,0.786,3.36,2.64,0.714,0.0444
TLE2,0.801,3.29,2.64,0.714,0.0444
CAMSAP2,0.784,3.37,2.64,0.714,0.0445
NWD2,0.826,3.19,2.64,0.714,0.0445
VPS53,0.786,3.35,2.63,0.714,0.0446
ATAD5,0.799,3.29,2.63,0.715,0.0447
LMTK2,0.84,3.12,2.62,0.715,0.0447
TBC1D17,0.833,3.15,2.62,0.715,0.0448
MMP9,0.835,3.14,2.62,0.715,0.0448
PAK6,0.805,3.26,2.62,0.715,0.0448
CPS1,0.786,3.33,2.62,0.715,0.0449
MPRIP,0.79,3.32,2.62,0.715,0.0449
PIGQ,0.841,3.11,2.62,0.715,0.0449
SH3BP2,0.855,3.06,2.61,0.715,0.045
EBF4,0.831,3.14,2.61,0.715,0.045
SYNJ1,0.768,3.4,2.61,0.715,0.0451
FGFR2,0.76,3.43,2.61,0.715,0.0451
PDZRN4,0.794,3.29,2.61,0.716,0.0452
RALGAPA1,0.78,3.34,2.61,0.716,0.0452
GRIK3,0.806,3.23,2.61,0.716,0.0453
MICAL2,0.776,3.36,2.61,0.716,0.0453
EPHB4,0.804,3.23,2.6,0.716,0.0453
ATG16L1,0.755,3.44,2.6,0.716,0.0454
TMPRSS9,0.815,3.19,2.6,0.716,0.0454
ANAPC2,0.866,3.0,2.6,0.716,0.0455
ABCC4,0.799,3.25,2.59,0.716,0.0455
PSD,0.767,3.38,2.59,0.716,0.0455
SEC14L5,0.812,3.19,2.59,0.716,0.0456
C4orf54,0.861,3.01,2.59,0.716,0.0456
MUC16,0.365,7.09,2.59,0.717,0.0456
RASIP1,0.839,3.08,2.59,0.717,0.0457
HECTD3,0.814,3.17,2.58,0.717,0.0458
FBXW10,0.792,3.26,2.58,0.717,0.0459
RFX7,0.838,3.08,2.58,0.717,0.0459
FMNL3,0.767,3.36,2.58,0.717,0.046
PPP6R2,0.829,3.11,2.58,0.717,0.046
ATG2B,0.779,3.3,2.57,0.717,0.0461
CCDC33,0.789,3.26,2.57,0.717,0.0461
RNF31,0.769,3.34,2.57,0.717,0.0461
PTPRE,0.721,3.56,2.57,0.717,0.0462
AP5Z1,0.802,3.2,2.57,0.717,0.0462
ARMC5,0.846,3.04,2.57,0.717,0.0463
MST1R,0.813,3.16,2.57,0.718,0.0463
ADCY7,0.831,3.09,2.56,0.718,0.0463
LNX1,0.782,3.27,2.56,0.718,0.0464
FBH1,0.786,3.26,2.56,0.718,0.0464
PDGFRB,0.808,3.17,2.56,0.718,0.0464
CFAP92,0.802,3.19,2.56,0.718,0.0465
KDR,0.778,3.28,2.55,0.718,0.0466
FNBP4,0.737,3.46,2.55,0.718,0.0466
YEATS2,0.762,3.34,2.55,0.718,0.0467
NUP85,0.764,3.34,2.55,0.718,0.0467
USHBP1,0.792,3.22,2.55,0.718,0.0468
PHLDB3,0.825,3.09,2.55,0.718,0.0468
ARHGAP32,0.751,3.39,2.55,0.718,0.0469
ZMYM4,0.761,3.35,2.55,0.719,0.0469
SEMA6C,0.779,3.27,2.54,0.719,0.0469
TOPAZ1,0.76,3.35,2.54,0.719,0.047
SGSM1,0.791,3.21,2.54,0.719,0.047
DLGAP2,0.829,3.06,2.54,0.719,0.047
PFKL,0.84,3.01,2.53,0.719,0.0472
UGGT1,0.727,3.48,2.53,0.719,0.0473
AGO1,0.753,3.35,2.53,0.719,0.0473
FAM83B,0.79,3.2,2.53,0.719,0.0473
PEAK1,0.739,3.42,2.53,0.719,0.0474
ZC3H18,0.792,3.19,2.52,0.719,0.0475
ANKRD12,0.72,3.5,2.52,0.719,0.0475
SPATA13,0.815,3.09,2.52,0.72,0.0476
HDAC9,0.764,3.29,2.52,0.72,0.0476
ATP1A1,0.752,3.34,2.52,0.72,0.0476
SAFB2,0.791,3.18,2.51,0.72,0.0477
BAZ1A,0.725,3.46,2.51,0.72,0.0478
SYNPO2,0.799,3.14,2.51,0.72,0.0478
CIZ1,0.796,3.15,2.51,0.72,0.0479
INO80,0.721,3.48,2.51,0.72,0.0479
KIAA1755,0.848,2.96,2.51,0.72,0.0479
MBD5,0.801,3.13,2.51,0.72,0.048
FLT1,0.782,3.21,2.51,0.72,0.048
VILL,0.81,3.09,2.5,0.72,0.0481
KSR1,0.834,3.0,2.5,0.72,0.0481
CLSTN3,0.827,3.03,2.5,0.721,0.0481
SPAG17,0.743,3.36,2.5,0.721,0.0481
ANKK1,0.904,2.77,2.5,0.721,0.0482
FOCAD,0.759,3.29,2.5,0.721,0.0482
NLRP1,0.795,3.14,2.5,0.721,0.0482
UNC5B,0.805,3.1,2.49,0.721,0.0483
MDGA1,0.781,3.19,2.49,0.721,0.0484
PPFIBP2,0.746,3.34,2.49,0.721,0.0484
CD163L1,0.763,3.27,2.49,0.721,0.0485
COL4A3,0.762,3.27,2.49,0.721,0.0485
NCAM1,0.766,3.25,2.49,0.721,0.0485
ITGB2,0.824,3.02,2.49,0.721,0.0486
NRXN1,0.745,3.34,2.49,0.721,0.0486
JPH3,0.909,2.74,2.49,0.722,0.0486
EIF4B,0.77,3.23,2.49,0.722,0.0487
ADGRB3,0.755,3.29,2.49,0.722,0.0487
FHDC1,0.865,2.87,2.48,0.722,0.0487
KIF5A,0.757,3.28,2.48,0.722,0.0488
PCSK5,0.779,3.19,2.48,0.722,0.0488
NOS2,0.823,3.01,2.48,0.722,0.0488
IQSEC1,0.847,2.93,2.48,0.722,0.0489
SF3B1,0.753,3.3,2.48,0.722,0.0489
BICD1,0.808,3.07,2.48,0.722,0.0489
CRYBG3,0.77,3.22,2.48,0.722,0.049
GARRE1,0.824,3.01,2.48,0.722,0.049
DVL2,0.824,3.0,2.47,0.722,0.0492
ARID3A,0.854,2.89,2.47,0.723,0.0492
MAGI2,0.733,3.36,2.46,0.723,0.0493
TTLL5,0.72,3.41,2.46,0.723,0.0493
ABCB6,0.758,3.24,2.46,0.723,0.0493
PIK3AP1,0.827,2.97,2.46,0.723,0.0494
PARD3,0.731,3.36,2.46,0.723,0.0494
CNTNAP5,0.75,3.28,2.46,0.723,0.0494
TCIRG1,0.8,3.07,2.46,0.723,0.0495
KCNQ2,0.853,2.87,2.45,0.723,0.0496
ATP10D,0.746,3.29,2.45,0.723,0.0496
NTRK1,0.833,2.94,2.45,0.723,0.0496
RBBP6,0.75,3.26,2.45,0.723,0.0497
PCDHA8,0.85,2.88,2.45,0.723,0.0498
TERT,0.801,3.05,2.45,0.724,0.0498
SF3B3,0.729,3.36,2.45,0.724,0.0498
PLEKHA4,0.777,3.15,2.45,0.724,0.0499
OAS3,0.8,3.06,2.44,0.724,0.05
ADNP2,0.951,2.57,2.44,0.724,0.0501
SV2A,0.777,3.14,2.44,0.724,0.0501
EFL1,0.757,3.22,2.44,0.724,0.0501
PLOD3,0.789,3.09,2.44,0.724,0.0502
NPC1,0.771,3.16,2.44,0.724,0.0502
PALLD,0.768,3.17,2.44,0.724,0.0503
AGO2,0.787,3.1,2.44,0.724,0.0503
DOT1L,0.832,2.93,2.43,0.724,0.0503
BTBD8,0.771,3.16,2.43,0.724,0.0504
POM121,0.827,2.94,2.43,0.725,0.0505
MBD6,0.805,3.02,2.43,0.725,0.0505
ANKRD36C,0.793,3.07,2.43,0.725,0.0505
GRM7,0.791,3.07,2.43,0.725,0.0506
MORC2,0.729,3.33,2.43,0.725,0.0506
CEP104,0.762,3.18,2.43,0.725,0.0506
RAD54L,0.758,3.2,2.43,0.725,0.0507
ACAP1,0.747,3.25,2.42,0.725,0.0507
IGF1R,0.783,3.1,2.42,0.725,0.0508
SLC34A3,0.876,2.77,2.42,0.725,0.0508
CFAP54,0.731,3.31,2.42,0.725,0.0508
PZP,0.748,3.23,2.42,0.725,0.0509
CARD10,0.794,3.04,2.42,0.725,0.0509
PIAS4,0.863,2.8,2.42,0.726,0.0511
AFF3,0.773,3.12,2.42,0.726,0.0511
CNTNAP2,0.783,3.08,2.41,0.726,0.0512
DCAF5,0.75,3.22,2.41,0.726,0.0512
WRN,0.735,3.28,2.41,0.726,0.0513
TGM1,0.766,3.14,2.41,0.726,0.0513
SRGAP3,0.751,3.2,2.4,0.726,0.0514
COPA,0.747,3.21,2.4,0.726,0.0514
PER3,0.851,2.82,2.4,0.726,0.0515
KRT75,0.831,2.89,2.4,0.726,0.0515
PSMD3,0.789,3.04,2.4,0.726,0.0515
HCN4,0.849,2.82,2.4,0.726,0.0516
LAMA4,0.748,3.2,2.4,0.726,0.0516
ADGRL2,0.703,3.41,2.4,0.726,0.0517
SEMA4G,0.805,2.98,2.4,0.727,0.0517
KIAA1614,0.806,2.97,2.4,0.727,0.0517
ARID1A,0.777,3.08,2.39,0.727,0.0517
CPT1A,0.755,3.17,2.39,0.727,0.0518
MERTK,0.738,3.24,2.39,0.727,0.0519
KIAA0753,0.73,3.26,2.38,0.727,0.0519
ALDH18A1,0.716,3.33,2.38,0.727,0.052
MRTFA,0.812,2.93,2.38,0.727,0.052
ZKSCAN7,0.778,3.06,2.38,0.727,0.0521
SEMA5A,0.802,2.96,2.37,0.727,0.0522
GGT1,0.826,2.87,2.37,0.727,0.0523
CDK5RAP2,0.72,3.28,2.36,0.727,0.0524
ABCC9,0.74,3.19,2.36,0.727,0.0524
LZTR1,0.792,2.98,2.36,0.728,0.0525
TEK,0.743,3.17,2.36,0.728,0.0525
DAPK1,0.818,2.88,2.36,0.728,0.0525
RIF1,0.761,3.09,2.35,0.728,0.0526
AKAP3,0.852,2.76,2.35,0.728,0.0526
MUC5B,0.517,4.55,2.35,0.728,0.0526
CBLB,0.739,3.18,2.35,0.728,0.0526
ALOX15B,0.805,2.92,2.35,0.728,0.0527
PPFIA1,0.721,3.26,2.35,0.728,0.0527
NLGN2,0.868,2.7,2.35,0.728,0.0527
ZFR2,0.82,2.86,2.34,0.728,0.0528
EDRF1,0.719,3.26,2.34,0.728,0.0529
NCOA6,0.777,3.01,2.34,0.728,0.053
SLC44A2,0.8,2.92,2.34,0.728,0.053
ZC3H7B,0.787,2.97,2.34,0.729,0.053
EVC2,0.738,3.16,2.33,0.729,0.0531
KHSRP,0.829,2.82,2.33,0.729,0.0531
MYO9A,0.683,3.42,2.33,0.729,0.0531
DOCK7,0.68,3.43,2.33,0.729,0.0531
HNRNPUL1,0.767,3.04,2.33,0.729,0.0532
ROBO2,0.718,3.24,2.33,0.729,0.0533
PLCG2,0.754,3.08,2.33,0.729,0.0533
DHX57,0.757,3.07,2.33,0.729,0.0534
DIS3L2,0.757,3.07,2.33,0.729,0.0535
FHOD1,0.768,3.03,2.32,0.729,0.0535
MAP3K9,0.797,2.91,2.32,0.729,0.0535
SCN11A,0.774,3.0,2.32,0.729,0.0536
ZSWIM8,0.775,2.99,2.32,0.73,0.0536
RESF1,0.788,2.93,2.31,0.73,0.0536
MAN2B1,0.794,2.91,2.31,0.73,0.0537
TLL1,0.729,3.17,2.31,0.73,0.0538
FBXL18,0.901,2.55,2.3,0.73,0.054
SART1,0.76,3.03,2.3,0.73,0.054
MGA,0.739,3.11,2.3,0.73,0.0541
DCTN1,0.733,3.14,2.3,0.73,0.0541
PXDNL,0.776,2.95,2.29,0.73,0.0542
IRS1,0.813,2.81,2.29,0.73,0.0542
MYCBP2,0.684,3.34,2.28,0.73,0.0543
CLTC,0.738,3.09,2.28,0.73,0.0543
CEP192,0.696,3.28,2.28,0.73,0.0544
GON4L,0.732,3.12,2.28,0.73,0.0544
MARK2,0.759,3.0,2.28,0.731,0.0545
PLA2G4E,0.732,3.12,2.28,0.731,0.0545
TMEM132B,0.783,2.91,2.28,0.731,0.0545
CLCN7,0.776,2.93,2.27,0.731,0.0546
BRWD1,0.733,3.1,2.27,0.731,0.0547
IGF2R,0.749,3.03,2.27,0.731,0.0547
PALD1,0.767,2.96,2.27,0.731,0.0548
AGAP6,0.835,2.71,2.26,0.731,0.0548
ADCK5,0.845,2.68,2.26,0.731,0.0549
E4F1,0.854,2.65,2.26,0.731,0.0549
FREM1,0.751,3.01,2.26,0.731,0.055
XPO5,0.679,3.33,2.26,0.731,0.055
DLEC1,0.735,3.07,2.26,0.731,0.055
NT5DC2,0.841,2.68,2.25,0.731,0.0552
EPHA10,0.749,3.0,2.25,0.732,0.0553
ATP11A,0.747,3.01,2.25,0.732,0.0553
KIF13A,0.72,3.12,2.24,0.732,0.0554
CEP350,0.711,3.16,2.24,0.732,0.0554
ADGRB2,0.762,2.94,2.24,0.732,0.0555
AARS1,0.711,3.15,2.24,0.732,0.0555
CTDP1,0.773,2.89,2.24,0.732,0.0556
CLIP2,0.786,2.84,2.23,0.732,0.0557
ITGA2B,0.745,2.99,2.23,0.732,0.0558
PCDHA3,0.837,2.66,2.23,0.732,0.0558
MCPH1,0.819,2.72,2.22,0.732,0.0559
ANO2,0.744,2.99,2.22,0.732,0.0559
AGAP1,0.756,2.94,2.22,0.732,0.0561
PLCB2,0.762,2.92,2.22,0.732,0.0561
NKTR,0.665,3.33,2.21,0.733,0.0561
PTPRJ,0.725,3.05,2.21,0.733,0.0562
PLEKHG4,0.712,3.11,2.21,0.733,0.0562
PLD2,0.743,2.97,2.2,0.733,0.0564
MEGF11,0.734,3.0,2.2,0.733,0.0565
GLI3,0.768,2.87,2.2,0.733,0.0565
RPS6KA4,0.798,2.76,2.2,0.733,0.0565
TJP2,0.722,3.05,2.2,0.733,0.0566
MAP4K1,0.715,3.07,2.2,0.733,0.0567
MADD,0.692,3.17,2.2,0.733,0.0567
MAGI1,0.722,3.04,2.2,0.733,0.0567
LDLR,0.787,2.79,2.19,0.733,0.0568
IGSF3,0.796,2.75,2.19,0.733,0.0568
FBF1,0.759,2.89,2.19,0.733,0.0569
USP19,0.739,2.96,2.19,0.734,0.0569
SPECC1L,0.695,3.15,2.19,0.734,0.057
TENM4,0.779,2.81,2.19,0.734,0.057
DMXL2,0.704,3.1,2.18,0.734,0.0571
RPTOR,0.766,2.85,2.18,0.734,0.0572
NLRP7,0.815,2.67,2.18,0.734,0.0572
XIRP2,0.717,3.03,2.18,0.734,0.0573
ABCF1,0.726,3.0,2.18,0.734,0.0573
PTPRH,0.735,2.96,2.18,0.734,0.0573
SETBP1,0.804,2.7,2.17,0.734,0.0574
NUP210,0.803,2.71,2.17,0.734,0.0575
ERCC6,0.708,3.06,2.17,0.734,0.0577
VPS13B,0.68,3.19,2.17,0.734,0.0577
CHD9,0.663,3.26,2.17,0.735,0.0577
DOCK3,0.662,3.26,2.16,0.735,0.0578
DUOX2,0.706,3.06,2.16,0.735,0.0578
ATXN2L,0.76,2.84,2.16,0.735,0.0579
PI4KA,0.725,2.98,2.16,0.735,0.058
FES,0.748,2.88,2.15,0.735,0.058
MCC,0.742,2.9,2.15,0.735,0.0581
RABGGTA,0.715,3.01,2.15,0.735,0.0581
NACA,0.83,2.59,2.15,0.735,0.0582
CAMSAP3,0.801,2.68,2.14,0.735,0.0582
EGFR,0.713,3.01,2.14,0.735,0.0583
MAP3K11,0.775,2.77,2.14,0.735,0.0583
ZC3H4,0.735,2.92,2.14,0.735,0.0584
MYO3A,0.709,3.02,2.14,0.735,0.0584
SPATA31E1,0.963,2.22,2.14,0.736,0.0585
JMJD1C,0.712,2.99,2.13,0.736,0.0585
DNAH14,0.601,3.54,2.13,0.736,0.0586
GOLGB1,0.698,3.05,2.13,0.736,0.0586
FHIP2B,0.801,2.66,2.13,0.736,0.0587
HYOU1,0.742,2.86,2.13,0.736,0.0587
MAP1S,0.844,2.51,2.12,0.736,0.0588
FMN2,0.754,2.81,2.12,0.736,0.0588
STAG3,0.725,2.92,2.12,0.736,0.0589
MROH2A,0.754,2.8,2.11,0.736,0.059
GIGYF2,0.693,3.05,2.11,0.736,0.0591
PARP4,0.756,2.79,2.11,0.736,0.0591
MAST4,0.746,2.82,2.11,0.736,0.0592
HIVEP2,0.754,2.8,2.11,0.736,0.0592
ARFGEF2,0.686,3.07,2.11,0.736,0.0593
COL1A2,0.734,2.87,2.1,0.737,0.0593
ZC3H13,0.664,3.17,2.1,0.737,0.0594
PTPN14,0.668,3.15,2.1,0.737,0.0594
NCOR1,0.673,3.12,2.1,0.737,0.0594
CFAP65,0.746,2.81,2.1,0.737,0.0595
ANPEP,0.787,2.66,2.1,0.737,0.0595
MYO1G,0.725,2.89,2.09,0.737,0.0596
DNAH6,0.669,3.13,2.09,0.737,0.0596
DYNC2H1,0.67,3.12,2.09,0.737,0.0597
PLCH2,0.754,2.77,2.09,0.737,0.0597
PTPRT,0.683,3.05,2.08,0.737,0.0598
KANSL1,0.727,2.85,2.08,0.737,0.0599
ATP2A3,0.773,2.68,2.07,0.737,0.0599
POLR1A,0.685,3.01,2.07,0.737,0.06
DOCK1,0.667,3.1,2.07,0.738,0.0601
KCP,0.723,2.85,2.06,0.738,0.0601
POMT1,0.698,2.95,2.06,0.738,0.0602
TRPM2,0.763,2.7,2.06,0.738,0.0602
GCN1,0.688,2.99,2.06,0.738,0.0603
DOP1B,0.732,2.82,2.06,0.738,0.0603
CIT,0.708,2.91,2.06,0.738,0.0604
ACSF3,0.812,2.53,2.05,0.738,0.0605
ZNFX1,0.714,2.86,2.04,0.738,0.0607
PCNX2,0.667,3.06,2.04,0.738,0.0607
MIB2,0.796,2.56,2.04,0.738,0.0609
DROSHA,0.661,3.07,2.03,0.738,0.0609
TNS2,0.733,2.76,2.02,0.738,0.061
ANO1,0.758,2.67,2.02,0.738,0.0611
SALL4,0.808,2.5,2.02,0.739,0.0612
ALK,0.764,2.64,2.02,0.739,0.0613
EPHA1,0.72,2.79,2.01,0.739,0.0615
DGKZ,0.71,2.83,2.01,0.739,0.0615
CABIN1,0.712,2.81,2.0,0.739,0.0616
KIF19,0.765,2.61,2.0,0.739,0.0616
CACNA1E,0.677,2.95,1.99,0.739,0.0617
PGAP6,0.819,2.43,1.99,0.739,0.0617
CLCNKB,0.754,2.64,1.99,0.739,0.0617
BCAR1,0.817,2.43,1.99,0.739,0.0618
COL4A2,0.748,2.65,1.98,0.739,0.0619
PER1,0.709,2.79,1.98,0.739,0.0621
SUPT6H,0.65,3.03,1.97,0.739,0.0622
FHIP1B,0.718,2.75,1.97,0.739,0.0622
CMYA5,0.734,2.68,1.97,0.74,0.0623
UNC79,0.683,2.87,1.96,0.74,0.0624
ADCY5,0.741,2.65,1.96,0.74,0.0624
EIF2AK4,0.7,2.8,1.96,0.74,0.0625
PLCG1,0.646,3.02,1.95,0.74,0.0626
THBS2,0.775,2.52,1.95,0.74,0.0628
KIF13B,0.686,2.84,1.95,0.74,0.0628
NLRP3,0.752,2.59,1.95,0.74,0.0629
WFS1,0.852,2.28,1.94,0.74,0.0629
TRIM66,0.714,2.72,1.94,0.74,0.063
SNED1,0.692,2.8,1.94,0.74,0.0631
IGSF9B,0.709,2.74,1.94,0.74,0.0632
MTOR,0.63,3.08,1.94,0.74,0.0633
LLGL2,0.755,2.57,1.94,0.74,0.0633
HECTD4,0.653,2.97,1.94,0.741,0.0634
ADAR,0.731,2.65,1.94,0.741,0.0635
HIVEP1,0.745,2.6,1.94,0.741,0.0635
FSIP2,0.699,2.77,1.93,0.741,0.0636
TICRR,0.704,2.74,1.93,0.741,0.0637
LRRK1,0.758,2.55,1.93,0.741,0.0638
ARHGAP45,0.802,2.4,1.92,0.741,0.0639
ALDH16A1,0.739,2.6,1.92,0.741,0.0639
USP35,0.861,2.23,1.92,0.741,0.064
DMBT1,0.7,2.74,1.92,0.741,0.064
NAV2,0.72,2.66,1.92,0.741,0.0641
TPO,0.779,2.45,1.91,0.741,0.0641
CUX2,0.78,2.45,1.91,0.741,0.0642
PDZD7,0.764,2.5,1.91,0.741,0.0643
GOLGA3,0.726,2.63,1.91,0.742,0.0643
KCNT1,0.764,2.49,1.9,0.742,0.0644
SNRNP200,0.68,2.8,1.9,0.742,0.0644
SH3PXD2A,0.809,2.35,1.9,0.742,0.0645
HMCN2,0.709,2.68,1.9,0.742,0.0645
PKD1L2,0.743,2.55,1.9,0.742,0.0646
NACAD,0.776,2.44,1.9,0.742,0.0647
ACE,0.719,2.63,1.89,0.742,0.0648
ITGAX,0.727,2.61,1.89,0.742,0.0648
STARD13,0.724,2.62,1.89,0.742,0.0648
UNC13D,0.727,2.6,1.89,0.742,0.0649
DNMT1,0.68,2.77,1.89,0.742,0.0649
PCDH12,0.787,2.39,1.88,0.742,0.065
ARHGEF10,0.717,2.62,1.88,0.742,0.065
FLNB,0.707,2.64,1.87,0.742,0.0652
MYO18A,0.716,2.6,1.86,0.743,0.0652
ADAMTS16,0.72,2.57,1.85,0.743,0.0653
MYH13,0.692,2.67,1.85,0.743,0.0654
MYPN,0.74,2.5,1.85,0.743,0.0654
SCN10A,0.705,2.62,1.85,0.743,0.0654
FER1L5,0.658,2.8,1.84,0.743,0.0655
PLXND1,0.755,2.44,1.84,0.743,0.0656
PLCE1,0.62,2.96,1.83,0.743,0.0657
SPTB,0.719,2.55,1.83,0.743,0.0657
EIF4G1,0.618,2.96,1.83,0.743,0.0657
RET,0.714,2.56,1.83,0.743,0.0658
UNC13A,0.708,2.57,1.82,0.743,0.0658
LILRB1,0.784,2.32,1.82,0.743,0.066
DIDO1,0.783,2.31,1.81,0.743,0.0661
CHD3,0.629,2.87,1.8,0.744,0.0661
ZFHX4,0.729,2.47,1.8,0.744,0.0661
DHX37,0.749,2.39,1.79,0.744,0.0662
CAMTA2,0.677,2.63,1.78,0.744,0.0663
NCAPD2,0.671,2.65,1.78,0.744,0.0664
RELN,0.642,2.76,1.77,0.744,0.0664
LCT,0.716,2.48,1.77,0.744,0.0664
ADGRL1,0.723,2.41,1.75,0.744,0.0667
FRY,0.615,2.83,1.74,0.744,0.0667
UMODL1,0.721,2.4,1.73,0.744,0.0668
BAZ2A,0.649,2.67,1.73,0.744,0.0669
ADAMTSL4,0.674,2.56,1.73,0.744,0.067
CFAP74,0.674,2.56,1.72,0.744,0.067
CHTF18,0.665,2.57,1.71,0.744,0.0671
LAMC3,0.742,2.3,1.71,0.745,0.0671
CAPN15,0.776,2.2,1.71,0.745,0.0672
ATP8B3,0.774,2.2,1.71,0.745,0.0673
RANBP2,0.603,2.82,1.7,0.745,0.0673
NUMA1,0.668,2.55,1.7,0.745,0.0674
TECTA,0.662,2.56,1.7,0.745,0.0676
CHD4,0.615,2.76,1.7,0.745,0.0676
OTOF,0.679,2.5,1.69,0.745,0.0677
PRAG1,0.796,2.13,1.69,0.745,0.0677
AKAP9,0.578,2.92,1.69,0.745,0.0678
COL6A2,0.748,2.25,1.68,0.745,0.0679
TJP3,0.659,2.54,1.67,0.745,0.0679
FLT4,0.722,2.31,1.67,0.745,0.068
MYO1F,0.64,2.61,1.67,0.745,0.0681
KNDC1,0.742,2.25,1.67,0.746,0.0681
LAMB2,0.625,2.66,1.66,0.746,0.0682
TASOR2,0.656,2.54,1.66,0.746,0.0682
CELSR3,0.632,2.63,1.66,0.746,0.0683
FNDC1,0.734,2.26,1.66,0.746,0.0683
KIF1B,0.58,2.84,1.65,0.746,0.0685
LOXHD1,0.657,2.49,1.64,0.746,0.0685
AATK,0.814,2.0,1.63,0.746,0.0687
CFAP46,0.657,2.47,1.63,0.746,0.0687
EPHB6,0.702,2.31,1.62,0.746,0.0688
MAPKBP1,0.61,2.63,1.61,0.746,0.0689
SDK2,0.666,2.4,1.6,0.746,0.0689
MYH4,0.625,2.56,1.6,0.746,0.069
LYST,0.605,2.64,1.6,0.746,0.0691
PKHD1,0.637,2.5,1.59,0.747,0.0692
TNR,0.612,2.58,1.58,0.747,0.0693
PLXNA1,0.679,2.32,1.57,0.747,0.0695
DSP,0.609,2.58,1.57,0.747,0.0695
SETX,0.607,2.59,1.57,0.747,0.0696
SBNO2,0.752,2.09,1.57,0.747,0.0696
SPTBN4,0.741,2.11,1.57,0.747,0.0697
CSMD1,0.593,2.62,1.55,0.747,0.0698
SNAPC4,0.677,2.26,1.53,0.747,0.07
ITGB4,0.702,2.18,1.53,0.747,0.0701
ANKRD11,0.69,2.18,1.5,0.747,0.0704
PCNX3,0.675,2.23,1.5,0.747,0.0705
NLRP2,0.681,2.2,1.5,0.747,0.0706
ANKRD24,0.749,2.0,1.5,0.747,0.0706
LRP4,0.61,2.45,1.49,0.748,0.0707
PPP1R26,0.766,1.94,1.49,0.748,0.0708
PLXNA2,0.7,2.12,1.49,0.748,0.0709
VCAN,0.706,2.1,1.48,0.748,0.071
MYH7B,0.667,2.21,1.47,0.748,0.0711
PKD1,0.701,2.08,1.46,0.748,0.0712
SBF1,0.661,2.2,1.45,0.748,0.0713
COL6A1,0.695,2.09,1.45,0.748,0.0715
CDH23,0.669,2.17,1.45,0.748,0.0716
COL6A3,0.593,2.41,1.43,0.748,0.0718
SETD1A,0.663,2.09,1.39,0.748,0.0724
PTPRF,0.655,2.09,1.37,0.748,0.0725
ZFHX2,0.663,2.03,1.35,0.748,0.0727
KIF7,0.647,2.08,1.34,0.749,0.0727
DOCK6,0.643,2.07,1.33,0.749,0.0728
TG,0.595,2.23,1.33,0.749,0.0728
RP1L1,0.944,1.38,1.3,0.749,0.0729
PTPN23,0.65,1.99,1.29,0.749,0.073
AKAP13,0.591,2.18,1.29,0.749,0.0731
MTCL1,0.694,1.85,1.28,0.749,0.0733
EPPK1,0.998,1.28,1.28,0.749,0.0733
SHROOM3,0.705,1.81,1.28,0.749,0.0734
CCDC168,0.982,1.3,1.28,0.749,0.0735
SACS,0.558,2.28,1.27,0.749,0.0736
INTS1,0.667,1.89,1.26,0.749,0.0736
FAT3,0.629,2.0,1.26,0.749,0.0737
SVIL,0.57,2.17,1.24,0.75,0.0738
FAM186A,0.643,1.92,1.24,0.75,0.0738
MICAL3,0.653,1.84,1.2,0.75,0.0741
MYO9B,0.671,1.76,1.18,0.75,0.0742
ZNF469,0.993,1.18,1.17,0.75,0.0743
DNAH5,0.491,2.32,1.14,0.75,0.0743
PRR12,0.809,1.4,1.13,0.75,0.0745
ALMS1,0.551,2.04,1.12,0.75,0.0746
SPEG,0.56,2.0,1.12,0.75,0.0747
ABCA7,0.631,1.76,1.11,0.75,0.0748
FBN3,0.634,1.75,1.11,0.75,0.0749
VWF,0.603,1.8,1.08,0.75,0.075
FREM2,0.593,1.82,1.08,0.75,0.0751
SZT2,0.5,2.01,1.01,0.751,0.0754
DNAH2,0.493,1.97,0.972,0.751,0.0771
OBSCN,0.456,1.92,0.873,0.751,0.142
SYNE1,0.434,1.89,0.822,0.751,0.221
MYO15A,0.489,1.66,0.814,0.751,0.236
WDR81,0.664,1.19,0.789,0.751,0.29
CPSF1,0.573,1.37,0.788,0.751,0.292
AHNAK2,0.907,0.858,0.778,0.751,0.318
HELZ2,0.705,1.06,0.745,0.751,0.392
FLG,0.985,0.711,0.7,0.751,0.514
FAT4,0.526,1.22,0.642,0.751,0.652
DNHD1,0.431,1.43,0.617,0.751,0.704
SPEN,0.437,1.33,0.582,0.752,0.762
ABCA2,0.565,0.974,0.55,0.752,0.816
ZFHX3,0.549,0.957,0.526,0.752,0.846
TRIOBP,0.398,1.23,0.489,0.752,0.888
MUC4,0.574,0.708,0.406,0.752,0.952
LAMA5,0.363,0.812,0.294,0.752,0.988
